Main;Middle;Sub;Main;Middle;Sub;Central;Unfiltered;Description;DatapointType;Security
;;;0
;;;0;0
;;;0;0
;;;0;0;1
EG;;;1
;Licht;;1;0
;;L_R.00.01_01_Schalten_1B;1;0;1
;;L_R.00.01_01_Treppenlicht_1B;1;0;2
;;L_R.00.01_01_Service_erforderlich_1B;1;0;3
;;L_R.00.01_01_Schaltimpuls_1B;1;0;4
;;L_R.00.01_01_Sperren_1B;1;0;5
;;L_R.00.01_01_Zeit_bis_nächsten_Service_2By_4By;1;0;6
;;L_R.00.01_01_Betriebsstunden_RM_2By_4By;1;0;7
;;L_R.00.01_01_Treppenlicht_mit_Zeit_1By;1;0;8
;;L_R.00.01_01_Vorwarnen_1B;1;0;9
;;L_R.00.01_01_Betriebsstunden_Reset_1B;1;0;10
;;L_R.00.01_01_Servicemeldung_Reset_1B;1;0;11
;;L_R.00.01_01_Zwangsführung_2B;1;0;12
;;L_R.00.01_01_Priorität_1B;1;0;13
;;L_R.00.01_01_Szene_1By;1;0;14
;;L_R.00.01_01_Status_1B;1;0;15
;;L_R.00.01_01_Status_invertiert_1B;1;0;16
;;L_R.00.01_01_Schwellwertschalter_1By_2By;1;0;17
;;L_R.00.01_01_Logik_1_1B;1;0;18
;;L_R.00.01_01_Logik_2_1B;1;0;19
;;L_R.00.01_02_Schalten_1B;1;0;20
;;L_R.00.01_02_Treppenlicht_1B;1;0;21
;;L_R.00.01_02_Service_erforderlich_1B;1;0;22
;;L_R.00.01_02_Schaltimpuls_1B;1;0;23
;;L_R.00.01_02_Sperren_1B;1;0;24
;;L_R.00.01_02_Zeit_bis_nächsten_Service_2By_4By;1;0;25
;;L_R.00.01_02_Betriebsstunden_RM_2By_4By;1;0;26
;;L_R.00.01_02_Treppenlicht_mit_Zeit_1By;1;0;27
;;L_R.00.01_02_Vorwarnen_1B;1;0;28
;;L_R.00.01_02_Betriebsstunden_Reset_1B;1;0;29
;;L_R.00.01_02_Servicemeldung_Reset_1B;1;0;30
;;L_R.00.01_02_Zwangsführung_2B;1;0;31
;;L_R.00.01_02_Priorität_1B;1;0;32
;;L_R.00.01_02_Szene_1By;1;0;33
;;L_R.00.01_02_Status_1B;1;0;34
;;L_R.00.01_02_Status_invertiert_1B;1;0;35
;;L_R.00.01_02_Schwellwertschalter_1By_2By;1;0;36
;;L_R.00.01_02_Logik_1_1B;1;0;37
;;L_R.00.01_02_Logik_2_1B;1;0;38
;;L_R.00.01_03_Schalten_1B;1;0;39
;;L_R.00.01_03_Treppenlicht_1B;1;0;40
;;L_R.00.01_03_Service_erforderlich_1B;1;0;41
;;L_R.00.01_03_Schaltimpuls_1B;1;0;42
;;L_R.00.01_03_Sperren_1B;1;0;43
;;L_R.00.01_03_Zeit_bis_nächsten_Service_2By_4By;1;0;44
;;L_R.00.01_03_Betriebsstunden_RM_2By_4By;1;0;45
;;L_R.00.01_03_Treppenlicht_mit_Zeit_1By;1;0;46
;;L_R.00.01_03_Vorwarnen_1B;1;0;47
;;L_R.00.01_03_Betriebsstunden_Reset_1B;1;0;48
;;L_R.00.01_03_Servicemeldung_Reset_1B;1;0;49
;;L_R.00.01_03_Zwangsführung_2B;1;0;50
;;L_R.00.01_03_Priorität_1B;1;0;51
;;L_R.00.01_03_Szene_1By;1;0;52
;;L_R.00.01_03_Status_1B;1;0;53
;;L_R.00.01_03_Status_invertiert_1B;1;0;54
;;L_R.00.01_03_Schwellwertschalter_1By_2By;1;0;55
;;L_R.00.01_03_Logik_1_1B;1;0;56
;;L_R.00.01_03_Logik_2_1B;1;0;57
;;L_R.00.01_04_Schalten_1B;1;0;58
;;L_R.00.01_04_Treppenlicht_1B;1;0;59
;;L_R.00.01_04_Service_erforderlich_1B;1;0;60
;;L_R.00.01_04_Schaltimpuls_1B;1;0;61
;;L_R.00.01_04_Sperren_1B;1;0;62
;;L_R.00.01_04_Zeit_bis_nächsten_Service_2By_4By;1;0;63
;;L_R.00.01_04_Betriebsstunden_RM_2By_4By;1;0;64
;;L_R.00.01_04_Treppenlicht_mit_Zeit_1By;1;0;65
;;L_R.00.01_04_Vorwarnen_1B;1;0;66
;;L_R.00.01_04_Betriebsstunden_Reset_1B;1;0;67
;;L_R.00.01_04_Servicemeldung_Reset_1B;1;0;68
;;L_R.00.01_04_Zwangsführung_2B;1;0;69
;;L_R.00.01_04_Priorität_1B;1;0;70
;;L_R.00.01_04_Szene_1By;1;0;71
;;L_R.00.01_04_Status_1B;1;0;72
;;L_R.00.01_04_Status_invertiert_1B;1;0;73
;;L_R.00.01_04_Schwellwertschalter_1By_2By;1;0;74
;;L_R.00.01_04_Logik_1_1B;1;0;75
;;L_R.00.01_04_Logik_2_1B;1;0;76
;;L_R.00.02_01_Schalten_1B;1;0;77
;;L_R.00.02_01_Treppenlicht_1B;1;0;78
;;L_R.00.02_01_Service_erforderlich_1B;1;0;79
;;L_R.00.02_01_Schaltimpuls_1B;1;0;80
;;L_R.00.02_01_Sperren_1B;1;0;81
;;L_R.00.02_01_Zeit_bis_nächsten_Service_2By_4By;1;0;82
;;L_R.00.02_01_Betriebsstunden_RM_2By_4By;1;0;83
;;L_R.00.02_01_Treppenlicht_mit_Zeit_1By;1;0;84
;;L_R.00.02_01_Vorwarnen_1B;1;0;85
;;L_R.00.02_01_Betriebsstunden_Reset_1B;1;0;86
;;L_R.00.02_01_Servicemeldung_Reset_1B;1;0;87
;;L_R.00.02_01_Zwangsführung_2B;1;0;88
;;L_R.00.02_01_Priorität_1B;1;0;89
;;L_R.00.02_01_Szene_1By;1;0;90
;;L_R.00.02_01_Status_1B;1;0;91
;;L_R.00.02_01_Status_invertiert_1B;1;0;92
;;L_R.00.02_01_Schwellwertschalter_1By_2By;1;0;93
;;L_R.00.02_01_Logik_1_1B;1;0;94
;;L_R.00.02_01_Logik_2_1B;1;0;95
;;L_R.00.02_02_Schalten_1B;1;0;96
;;L_R.00.02_02_Treppenlicht_1B;1;0;97
;;L_R.00.02_02_Service_erforderlich_1B;1;0;98
;;L_R.00.02_02_Schaltimpuls_1B;1;0;99
;;L_R.00.02_02_Sperren_1B;1;0;100
;;L_R.00.02_02_Zeit_bis_nächsten_Service_2By_4By;1;0;101
;;L_R.00.02_02_Betriebsstunden_RM_2By_4By;1;0;102
;;L_R.00.02_02_Treppenlicht_mit_Zeit_1By;1;0;103
;;L_R.00.02_02_Vorwarnen_1B;1;0;104
;;L_R.00.02_02_Betriebsstunden_Reset_1B;1;0;105
;;L_R.00.02_02_Servicemeldung_Reset_1B;1;0;106
;;L_R.00.02_02_Zwangsführung_2B;1;0;107
;;L_R.00.02_02_Priorität_1B;1;0;108
;;L_R.00.02_02_Szene_1By;1;0;109
;;L_R.00.02_02_Status_1B;1;0;110
;;L_R.00.02_02_Status_invertiert_1B;1;0;111
;;L_R.00.02_02_Schwellwertschalter_1By_2By;1;0;112
;;L_R.00.02_02_Logik_1_1B;1;0;113
;;L_R.00.02_02_Logik_2_1B;1;0;114
;;L_R.00.03_01_Schalten_1B;1;0;115
;;L_R.00.03_01_Treppenlicht_1B;1;0;116
;;L_R.00.03_01_Service_erforderlich_1B;1;0;117
;;L_R.00.03_01_Schaltimpuls_1B;1;0;118
;;L_R.00.03_01_Sperren_1B;1;0;119
;;L_R.00.03_01_Zeit_bis_nächsten_Service_2By_4By;1;0;120
;;L_R.00.03_01_Betriebsstunden_RM_2By_4By;1;0;121
;;L_R.00.03_01_Treppenlicht_mit_Zeit_1By;1;0;122
;;L_R.00.03_01_Vorwarnen_1B;1;0;123
;;L_R.00.03_01_Betriebsstunden_Reset_1B;1;0;124
;;L_R.00.03_01_Servicemeldung_Reset_1B;1;0;125
;;L_R.00.03_01_Zwangsführung_2B;1;0;126
;;L_R.00.03_01_Priorität_1B;1;0;127
;;L_R.00.03_01_Szene_1By;1;0;128
;;L_R.00.03_01_Status_1B;1;0;129
;;L_R.00.03_01_Status_invertiert_1B;1;0;130
;;L_R.00.03_01_Schwellwertschalter_1By_2By;1;0;131
;;L_R.00.03_01_Logik_1_1B;1;0;132
;;L_R.00.03_01_Logik_2_1B;1;0;133
;;L_R.00.04_01_Schalten_1B;1;0;134
;;L_R.00.04_01_Treppenlicht_1B;1;0;135
;;L_R.00.04_01_Service_erforderlich_1B;1;0;136
;;L_R.00.04_01_Schaltimpuls_1B;1;0;137
;;L_R.00.04_01_Sperren_1B;1;0;138
;;L_R.00.04_01_Zeit_bis_nächsten_Service_2By_4By;1;0;139
;;L_R.00.04_01_Betriebsstunden_RM_2By_4By;1;0;140
;;L_R.00.04_01_Treppenlicht_mit_Zeit_1By;1;0;141
;;L_R.00.04_01_Vorwarnen_1B;1;0;142
;;L_R.00.04_01_Betriebsstunden_Reset_1B;1;0;143
;;L_R.00.04_01_Servicemeldung_Reset_1B;1;0;144
;;L_R.00.04_01_Zwangsführung_2B;1;0;145
;;L_R.00.04_01_Priorität_1B;1;0;146
;;L_R.00.04_01_Szene_1By;1;0;147
;;L_R.00.04_01_Status_1B;1;0;148
;;L_R.00.04_01_Status_invertiert_1B;1;0;149
;;L_R.00.04_01_Schwellwertschalter_1By_2By;1;0;150
;;L_R.00.04_01_Logik_1_1B;1;0;151
;;L_R.00.04_01_Logik_2_1B;1;0;152
;Rollladen;;1;1
;;R_R.00.01_01_Automatikposition_1_1B;1;1;1
;;R_R.00.01_01_Automatikposition_2_1B;1;1;2
;;R_R.00.01_01_Automatikposition_3_1B;1;1;3
;;R_R.00.01_01_Automatikposition_4_1B;1;1;4
;;R_R.00.01_01_Automatikposition_1_1B;1;1;5
;;R_R.00.01_01_Automatikposition_2_1B;1;1;6
;;R_R.00.01_01_Automatikposition_3_1B;1;1;7
;;R_R.00.01_01_Automatikposition_4_1B;1;1;8
;;R_R.00.01_01_Rollladen_auf_ab_1B;1;1;9
;;R_R.00.01_01_Kurzzeitbetrieb_Stop_1B;1;1;10
;;R_R.00.01_01_Szene_1By;1;1;11
;;R_R.00.01_01_Status_akt_Richtung_1B;1;1;12
;;R_R.00.01_01_Verfahrstatus_auf_1B;1;1;13
;;R_R.00.01_01_Verfahrstatus_ab_1B;1;1;14
;;R_R.00.01_01_Absolute_Position_1By;1;1;15
;;R_R.00.01_01_Status_akt_Position_1By;1;1;16
;;R_R.00.01_01_Status_Sperre_Alarme_1B;1;1;17
;;R_R.00.01_01_Referenzfahrt_starten_1B;1;1;18
;;R_R.00.01_01_Position_anfahren_1B;1;1;19
;;R_R.00.01_01_Status_obere_Position_1B;1;1;20
;;R_R.00.01_01_Status_untere_Position_1B;1;1;21
;;R_R.00.01_01_Zentrales_Objekt_sperren_1B;1;1;22
;;R_R.00.01_01_Sperren_absolute_Position_1B;1;1;23
;;R_R.00.01_01_Funktionen_sperren_1B;1;1;24
;;R_R.00.01_01_Windalarm_1B;1;1;25
;;R_R.00.01_01_Regenalarm_1B;1;1;26
;;R_R.00.01_01_Frostalarm_1B;1;1;27
;;R_R.00.01_01_Sperren_1B;1;1;28
;;R_R.00.01_01_Fensterkontakt_1_1B;1;1;29
;;R_R.00.01_01_Fensterkontakt_2_1B;1;1;30
;;R_R.00.01_01_Raumtemperatur_2By;1;1;31
;;R_R.00.01_01_Beschattung_sperren_aktivieren_1B;1;1;32
;;R_R.00.01_01_Status_Beschattung_bereit_1B;1;1;33
;;R_R.00.01_01_Status_Beschattung_Zustand_1B;1;1;34
;;R_R.00.01_01_Diagnose_1B;1;1;35
;;R_R.00.01_02_Automatikposition_1_1B;1;1;36
;;R_R.00.01_02_Automatikposition_2_1B;1;1;37
;;R_R.00.01_02_Automatikposition_3_1B;1;1;38
;;R_R.00.01_02_Automatikposition_4_1B;1;1;39
;;R_R.00.01_02_Automatikposition_1_1B;1;1;40
;;R_R.00.01_02_Automatikposition_2_1B;1;1;41
;;R_R.00.01_02_Automatikposition_3_1B;1;1;42
;;R_R.00.01_02_Automatikposition_4_1B;1;1;43
;;R_R.00.01_02_Rollladen_auf_ab_1B;1;1;44
;;R_R.00.01_02_Kurzzeitbetrieb_Stop_1B;1;1;45
;;R_R.00.01_02_Szene_1By;1;1;46
;;R_R.00.01_02_Status_akt_Richtung_1B;1;1;47
;;R_R.00.01_02_Verfahrstatus_auf_1B;1;1;48
;;R_R.00.01_02_Verfahrstatus_ab_1B;1;1;49
;;R_R.00.01_02_Absolute_Position_1By;1;1;50
;;R_R.00.01_02_Status_akt_Position_1By;1;1;51
;;R_R.00.01_02_Status_Sperre_Alarme_1B;1;1;52
;;R_R.00.01_02_Referenzfahrt_starten_1B;1;1;53
;;R_R.00.01_02_Position_anfahren_1B;1;1;54
;;R_R.00.01_02_Status_obere_Position_1B;1;1;55
;;R_R.00.01_02_Status_untere_Position_1B;1;1;56
;;R_R.00.01_02_Zentrales_Objekt_sperren_1B;1;1;57
;;R_R.00.01_02_Sperren_absolute_Position_1B;1;1;58
;;R_R.00.01_02_Funktionen_sperren_1B;1;1;59
;;R_R.00.01_02_Windalarm_1B;1;1;60
;;R_R.00.01_02_Regenalarm_1B;1;1;61
;;R_R.00.01_02_Frostalarm_1B;1;1;62
;;R_R.00.01_02_Sperren_1B;1;1;63
;;R_R.00.01_02_Fensterkontakt_1_1B;1;1;64
;;R_R.00.01_02_Fensterkontakt_2_1B;1;1;65
;;R_R.00.01_02_Raumtemperatur_2By;1;1;66
;;R_R.00.01_02_Beschattung_sperren_aktivieren_1B;1;1;67
;;R_R.00.01_02_Status_Beschattung_bereit_1B;1;1;68
;;R_R.00.01_02_Status_Beschattung_Zustand_1B;1;1;69
;;R_R.00.01_02_Diagnose_1B;1;1;70
;;R_R.00.01_03_Automatikposition_1_1B;1;1;71
;;R_R.00.01_03_Automatikposition_2_1B;1;1;72
;;R_R.00.01_03_Automatikposition_3_1B;1;1;73
;;R_R.00.01_03_Automatikposition_4_1B;1;1;74
;;R_R.00.01_03_Automatikposition_1_1B;1;1;75
;;R_R.00.01_03_Automatikposition_2_1B;1;1;76
;;R_R.00.01_03_Automatikposition_3_1B;1;1;77
;;R_R.00.01_03_Automatikposition_4_1B;1;1;78
;;R_R.00.01_03_Rollladen_auf_ab_1B;1;1;79
;;R_R.00.01_03_Kurzzeitbetrieb_Stop_1B;1;1;80
;;R_R.00.01_03_Szene_1By;1;1;81
;;R_R.00.01_03_Status_akt_Richtung_1B;1;1;82
;;R_R.00.01_03_Verfahrstatus_auf_1B;1;1;83
;;R_R.00.01_03_Verfahrstatus_ab_1B;1;1;84
;;R_R.00.01_03_Absolute_Position_1By;1;1;85
;;R_R.00.01_03_Status_akt_Position_1By;1;1;86
;;R_R.00.01_03_Status_Sperre_Alarme_1B;1;1;87
;;R_R.00.01_03_Referenzfahrt_starten_1B;1;1;88
;;R_R.00.01_03_Position_anfahren_1B;1;1;89
;;R_R.00.01_03_Status_obere_Position_1B;1;1;90
;;R_R.00.01_03_Status_untere_Position_1B;1;1;91
;;R_R.00.01_03_Zentrales_Objekt_sperren_1B;1;1;92
;;R_R.00.01_03_Sperren_absolute_Position_1B;1;1;93
;;R_R.00.01_03_Funktionen_sperren_1B;1;1;94
;;R_R.00.01_03_Windalarm_1B;1;1;95
;;R_R.00.01_03_Regenalarm_1B;1;1;96
;;R_R.00.01_03_Frostalarm_1B;1;1;97
;;R_R.00.01_03_Sperren_1B;1;1;98
;;R_R.00.01_03_Fensterkontakt_1_1B;1;1;99
;;R_R.00.01_03_Fensterkontakt_2_1B;1;1;100
;;R_R.00.01_03_Raumtemperatur_2By;1;1;101
;;R_R.00.01_03_Beschattung_sperren_aktivieren_1B;1;1;102
;;R_R.00.01_03_Status_Beschattung_bereit_1B;1;1;103
;;R_R.00.01_03_Status_Beschattung_Zustand_1B;1;1;104
;;R_R.00.01_03_Diagnose_1B;1;1;105
;;R_R.00.01_04_Automatikposition_1_1B;1;1;106
;;R_R.00.01_04_Automatikposition_2_1B;1;1;107
;;R_R.00.01_04_Automatikposition_3_1B;1;1;108
;;R_R.00.01_04_Automatikposition_4_1B;1;1;109
;;R_R.00.01_04_Automatikposition_1_1B;1;1;110
;;R_R.00.01_04_Automatikposition_2_1B;1;1;111
;;R_R.00.01_04_Automatikposition_3_1B;1;1;112
;;R_R.00.01_04_Automatikposition_4_1B;1;1;113
;;R_R.00.01_04_Rollladen_auf_ab_1B;1;1;114
;;R_R.00.01_04_Kurzzeitbetrieb_Stop_1B;1;1;115
;;R_R.00.01_04_Szene_1By;1;1;116
;;R_R.00.01_04_Status_akt_Richtung_1B;1;1;117
;;R_R.00.01_04_Verfahrstatus_auf_1B;1;1;118
;;R_R.00.01_04_Verfahrstatus_ab_1B;1;1;119
;;R_R.00.01_04_Absolute_Position_1By;1;1;120
;;R_R.00.01_04_Status_akt_Position_1By;1;1;121
;;R_R.00.01_04_Status_Sperre_Alarme_1B;1;1;122
;;R_R.00.01_04_Referenzfahrt_starten_1B;1;1;123
;;R_R.00.01_04_Position_anfahren_1B;1;1;124
;;R_R.00.01_04_Status_obere_Position_1B;1;1;125
;;R_R.00.01_04_Status_untere_Position_1B;1;1;126
;;R_R.00.01_04_Zentrales_Objekt_sperren_1B;1;1;127
;;R_R.00.01_04_Sperren_absolute_Position_1B;1;1;128
;;R_R.00.01_04_Funktionen_sperren_1B;1;1;129
;;R_R.00.01_04_Windalarm_1B;1;1;130
;;R_R.00.01_04_Regenalarm_1B;1;1;131
;;R_R.00.01_04_Frostalarm_1B;1;1;132
;;R_R.00.01_04_Sperren_1B;1;1;133
;;R_R.00.01_04_Fensterkontakt_1_1B;1;1;134
;;R_R.00.01_04_Fensterkontakt_2_1B;1;1;135
;;R_R.00.01_04_Raumtemperatur_2By;1;1;136
;;R_R.00.01_04_Beschattung_sperren_aktivieren_1B;1;1;137
;;R_R.00.01_04_Status_Beschattung_bereit_1B;1;1;138
;;R_R.00.01_04_Status_Beschattung_Zustand_1B;1;1;139
;;R_R.00.01_04_Diagnose_1B;1;1;140
;;R_R.00.02_01_Automatikposition_1_1B;1;1;141
;;R_R.00.02_01_Automatikposition_2_1B;1;1;142
;;R_R.00.02_01_Automatikposition_3_1B;1;1;143
;;R_R.00.02_01_Automatikposition_4_1B;1;1;144
;;R_R.00.02_01_Automatikposition_1_1B;1;1;145
;;R_R.00.02_01_Automatikposition_2_1B;1;1;146
;;R_R.00.02_01_Automatikposition_3_1B;1;1;147
;;R_R.00.02_01_Automatikposition_4_1B;1;1;148
;;R_R.00.02_01_Rollladen_auf_ab_1B;1;1;149
;;R_R.00.02_01_Kurzzeitbetrieb_Stop_1B;1;1;150
;;R_R.00.02_01_Szene_1By;1;1;151
;;R_R.00.02_01_Status_akt_Richtung_1B;1;1;152
;;R_R.00.02_01_Verfahrstatus_auf_1B;1;1;153
;;R_R.00.02_01_Verfahrstatus_ab_1B;1;1;154
;;R_R.00.02_01_Absolute_Position_1By;1;1;155
;;R_R.00.02_01_Status_akt_Position_1By;1;1;156
;;R_R.00.02_01_Status_Sperre_Alarme_1B;1;1;157
;;R_R.00.02_01_Referenzfahrt_starten_1B;1;1;158
;;R_R.00.02_01_Position_anfahren_1B;1;1;159
;;R_R.00.02_01_Status_obere_Position_1B;1;1;160
;;R_R.00.02_01_Status_untere_Position_1B;1;1;161
;;R_R.00.02_01_Zentrales_Objekt_sperren_1B;1;1;162
;;R_R.00.02_01_Sperren_absolute_Position_1B;1;1;163
;;R_R.00.02_01_Funktionen_sperren_1B;1;1;164
;;R_R.00.02_01_Windalarm_1B;1;1;165
;;R_R.00.02_01_Regenalarm_1B;1;1;166
;;R_R.00.02_01_Frostalarm_1B;1;1;167
;;R_R.00.02_01_Sperren_1B;1;1;168
;;R_R.00.02_01_Fensterkontakt_1_1B;1;1;169
;;R_R.00.02_01_Fensterkontakt_2_1B;1;1;170
;;R_R.00.02_01_Raumtemperatur_2By;1;1;171
;;R_R.00.02_01_Beschattung_sperren_aktivieren_1B;1;1;172
;;R_R.00.02_01_Status_Beschattung_bereit_1B;1;1;173
;;R_R.00.02_01_Status_Beschattung_Zustand_1B;1;1;174
;;R_R.00.02_01_Diagnose_1B;1;1;175
;;R_R.00.03_01_Automatikposition_1_1B;1;1;176
;;R_R.00.03_01_Automatikposition_2_1B;1;1;177
;;R_R.00.03_01_Automatikposition_3_1B;1;1;178
;;R_R.00.03_01_Automatikposition_4_1B;1;1;179
;;R_R.00.03_01_Automatikposition_1_1B;1;1;180
;;R_R.00.03_01_Automatikposition_2_1B;1;1;181
;;R_R.00.03_01_Automatikposition_3_1B;1;1;182
;;R_R.00.03_01_Automatikposition_4_1B;1;1;183
;;R_R.00.03_01_Rollladen_auf_ab_1B;1;1;184
;;R_R.00.03_01_Kurzzeitbetrieb_Stop_1B;1;1;185
;;R_R.00.03_01_Szene_1By;1;1;186
;;R_R.00.03_01_Status_akt_Richtung_1B;1;1;187
;;R_R.00.03_01_Verfahrstatus_auf_1B;1;1;188
;;R_R.00.03_01_Verfahrstatus_ab_1B;1;1;189
;;R_R.00.03_01_Absolute_Position_1By;1;1;190
;;R_R.00.03_01_Status_akt_Position_1By;1;1;191
;;R_R.00.03_01_Status_Sperre_Alarme_1B;1;1;192
;;R_R.00.03_01_Referenzfahrt_starten_1B;1;1;193
;;R_R.00.03_01_Position_anfahren_1B;1;1;194
;;R_R.00.03_01_Status_obere_Position_1B;1;1;195
;;R_R.00.03_01_Status_untere_Position_1B;1;1;196
;;R_R.00.03_01_Zentrales_Objekt_sperren_1B;1;1;197
;;R_R.00.03_01_Sperren_absolute_Position_1B;1;1;198
;;R_R.00.03_01_Funktionen_sperren_1B;1;1;199
;;R_R.00.03_01_Windalarm_1B;1;1;200
;;R_R.00.03_01_Regenalarm_1B;1;1;201
;;R_R.00.03_01_Frostalarm_1B;1;1;202
;;R_R.00.03_01_Sperren_1B;1;1;203
;;R_R.00.03_01_Fensterkontakt_1_1B;1;1;204
;;R_R.00.03_01_Fensterkontakt_2_1B;1;1;205
;;R_R.00.03_01_Raumtemperatur_2By;1;1;206
;;R_R.00.03_01_Beschattung_sperren_aktivieren_1B;1;1;207
;;R_R.00.03_01_Status_Beschattung_bereit_1B;1;1;208
;;R_R.00.03_01_Status_Beschattung_Zustand_1B;1;1;209
;;R_R.00.03_01_Diagnose_1B;1;1;210
;;R_R.00.04_01_Automatikposition_1_1B;1;1;211
;;R_R.00.04_01_Automatikposition_2_1B;1;1;212
;;R_R.00.04_01_Automatikposition_3_1B;1;1;213
;;R_R.00.04_01_Automatikposition_4_1B;1;1;214
;;R_R.00.04_01_Automatikposition_1_1B;1;1;215
;;R_R.00.04_01_Automatikposition_2_1B;1;1;216
;;R_R.00.04_01_Automatikposition_3_1B;1;1;217
;;R_R.00.04_01_Automatikposition_4_1B;1;1;218
;;R_R.00.04_01_Rollladen_auf_ab_1B;1;1;219
;;R_R.00.04_01_Kurzzeitbetrieb_Stop_1B;1;1;220
;;R_R.00.04_01_Szene_1By;1;1;221
;;R_R.00.04_01_Status_akt_Richtung_1B;1;1;222
;;R_R.00.04_01_Verfahrstatus_auf_1B;1;1;223
;;R_R.00.04_01_Verfahrstatus_ab_1B;1;1;224
;;R_R.00.04_01_Absolute_Position_1By;1;1;225
;;R_R.00.04_01_Status_akt_Position_1By;1;1;226
;;R_R.00.04_01_Status_Sperre_Alarme_1B;1;1;227
;;R_R.00.04_01_Referenzfahrt_starten_1B;1;1;228
;;R_R.00.04_01_Position_anfahren_1B;1;1;229
;;R_R.00.04_01_Status_obere_Position_1B;1;1;230
;;R_R.00.04_01_Status_untere_Position_1B;1;1;231
;;R_R.00.04_01_Zentrales_Objekt_sperren_1B;1;1;232
;;R_R.00.04_01_Sperren_absolute_Position_1B;1;1;233
;;R_R.00.04_01_Funktionen_sperren_1B;1;1;234
;;R_R.00.04_01_Windalarm_1B;1;1;235
;;R_R.00.04_01_Regenalarm_1B;1;1;236
;;R_R.00.04_01_Frostalarm_1B;1;1;237
;;R_R.00.04_01_Sperren_1B;1;1;238
;;R_R.00.04_01_Fensterkontakt_1_1B;1;1;239
;;R_R.00.04_01_Fensterkontakt_2_1B;1;1;240
;;R_R.00.04_01_Raumtemperatur_2By;1;1;241
;;R_R.00.04_01_Beschattung_sperren_aktivieren_1B;1;1;242
;;R_R.00.04_01_Status_Beschattung_bereit_1B;1;1;243
;;R_R.00.04_01_Status_Beschattung_Zustand_1B;1;1;244
;;R_R.00.04_01_Diagnose_1B;1;1;245
;Heizung;;1;2
;;H_R.00.01_01_Temperaturmesswert_2By;1;2;1
;;H_R.00.01_01_Vorlauftemperatur_2By;1;2;2
;;H_R.00.01_01_Sperren_1B;1;2;3
;;H_R.00.01_01_Status_Stellwert_1B;1;2;4
;;H_R.00.01_01_Status_Stellwert_1By;1;2;5
;;H_R.00.01_01_Komfortverlängerung_1B;1;2;6
;;H_R.00.01_01_Zwangsstellung_1B;1;2;7
;;H_R.00.01_01_Taupunktalarm_1B;1;2;8
;;H_R.00.01_01_PWM_Ausgang_Kühlen_für_4_Rohr_1By;1;2;9
;;H_R.00.01_01_Sollwert_Komfort_2By;1;2;10
;;H_R.00.01_01_Sollwertverschiebung_2By;1;2;11
;;H_R.00.01_01_Aktueller_Sollwert_2By;1;2;12
;;H_R.00.01_01_Betriebsartvorwahl_1By;1;2;13
;;H_R.00.01_01_DPT_HVAC_Status_1By;1;2;14
;;H_R.00.01_01_DPT_RHCC_Status_2By;1;2;15
;;H_R.00.01_01_Betriebsart_Komfort_1B;1;2;16
;;H_R.00.01_01_Betriebsart_Nacht_1B;1;2;17
;;H_R.00.01_01_Betriebsart_Frost_Hitzeschutz_1B;1;2;18
;;H_R.00.01_01_Frostalarm_1B;1;2;19
;;H_R.00.01_01_Hitzealarm_1B;1;2;20
;;H_R.00.01_01_Sollwertverschiebung_1B;1;2;21
;;H_R.00.01_01_Diagnosetext_14By;1;2;22
;;H_R.00.02_01_Temperaturmesswert_2By;1;2;23
;;H_R.00.02_01_Vorlauftemperatur_2By;1;2;24
;;H_R.00.02_01_Sperren_1B;1;2;25
;;H_R.00.02_01_Status_Stellwert_1B;1;2;26
;;H_R.00.02_01_Status_Stellwert_1By;1;2;27
;;H_R.00.02_01_Komfortverlängerung_1B;1;2;28
;;H_R.00.02_01_Zwangsstellung_1B;1;2;29
;;H_R.00.02_01_Taupunktalarm_1B;1;2;30
;;H_R.00.02_01_PWM_Ausgang_Kühlen_für_4_Rohr_1By;1;2;31
;;H_R.00.02_01_Sollwert_Komfort_2By;1;2;32
;;H_R.00.02_01_Sollwertverschiebung_2By;1;2;33
;;H_R.00.02_01_Aktueller_Sollwert_2By;1;2;34
;;H_R.00.02_01_Betriebsartvorwahl_1By;1;2;35
;;H_R.00.02_01_DPT_HVAC_Status_1By;1;2;36
;;H_R.00.02_01_DPT_RHCC_Status_2By;1;2;37
;;H_R.00.02_01_Betriebsart_Komfort_1B;1;2;38
;;H_R.00.02_01_Betriebsart_Nacht_1B;1;2;39
;;H_R.00.02_01_Betriebsart_Frost_Hitzeschutz_1B;1;2;40
;;H_R.00.02_01_Frostalarm_1B;1;2;41
;;H_R.00.02_01_Hitzealarm_1B;1;2;42
;;H_R.00.02_01_Sollwertverschiebung_1B;1;2;43
;;H_R.00.02_01_Diagnosetext_14By;1;2;44
;;H_R.00.03_01_Temperaturmesswert_2By;1;2;45
;;H_R.00.03_01_Vorlauftemperatur_2By;1;2;46
;;H_R.00.03_01_Sperren_1B;1;2;47
;;H_R.00.03_01_Status_Stellwert_1B;1;2;48
;;H_R.00.03_01_Status_Stellwert_1By;1;2;49
;;H_R.00.03_01_Komfortverlängerung_1B;1;2;50
;;H_R.00.03_01_Zwangsstellung_1B;1;2;51
;;H_R.00.03_01_Taupunktalarm_1B;1;2;52
;;H_R.00.03_01_PWM_Ausgang_Kühlen_für_4_Rohr_1By;1;2;53
;;H_R.00.03_01_Sollwert_Komfort_2By;1;2;54
;;H_R.00.03_01_Sollwertverschiebung_2By;1;2;55
;;H_R.00.03_01_Aktueller_Sollwert_2By;1;2;56
;;H_R.00.03_01_Betriebsartvorwahl_1By;1;2;57
;;H_R.00.03_01_DPT_HVAC_Status_1By;1;2;58
;;H_R.00.03_01_DPT_RHCC_Status_2By;1;2;59
;;H_R.00.03_01_Betriebsart_Komfort_1B;1;2;60
;;H_R.00.03_01_Betriebsart_Nacht_1B;1;2;61
;;H_R.00.03_01_Betriebsart_Frost_Hitzeschutz_1B;1;2;62
;;H_R.00.03_01_Frostalarm_1B;1;2;63
;;H_R.00.03_01_Hitzealarm_1B;1;2;64
;;H_R.00.03_01_Sollwertverschiebung_1B;1;2;65
;;H_R.00.03_01_Diagnosetext_14By;1;2;66
;Fensterkontakte;;1;3
;;FK_R.00.01_01_Schalter_1B;1;3;1
;;FK_R.00.01_01_Wert_für_Umschaltung_1B;1;3;2
;;FK_R.00.01_01_Szene_1By;1;3;3
;;FK_R.00.01_01_Zähler_4By;1;3;4
;;FK_R.00.01_01_Sperrobjekt_1B;1;3;5
;;FK_R.00.01_01_Eingangslogik_1A_1B;1;3;6
;;FK_R.00.01_01_Eingangslogik_1B_1B;1;3;7
;;FK_R.00.01_01_Ausgangslogik_1_1B;1;3;8
;;FK_R.00.01_01_Ausgangslogik_1_Szene_1By;1;3;9
;;FK_R.00.01_02_Schalter_1B;1;3;10
;;FK_R.00.01_02_Wert_für_Umschaltung_1B;1;3;11
;;FK_R.00.01_02_Szene_1By;1;3;12
;;FK_R.00.01_02_Zähler_4By;1;3;13
;;FK_R.00.01_02_Sperrobjekt_1B;1;3;14
;;FK_R.00.01_02_Eingangslogik_1A_1B;1;3;15
;;FK_R.00.01_02_Eingangslogik_1B_1B;1;3;16
;;FK_R.00.01_02_Ausgangslogik_1_1B;1;3;17
;;FK_R.00.01_02_Ausgangslogik_1_Szene_1By;1;3;18
;;FK_R.00.01_03_Schalter_1B;1;3;19
;;FK_R.00.01_03_Wert_für_Umschaltung_1B;1;3;20
;;FK_R.00.01_03_Szene_1By;1;3;21
;;FK_R.00.01_03_Zähler_4By;1;3;22
;;FK_R.00.01_03_Sperrobjekt_1B;1;3;23
;;FK_R.00.01_03_Eingangslogik_1A_1B;1;3;24
;;FK_R.00.01_03_Eingangslogik_1B_1B;1;3;25
;;FK_R.00.01_03_Ausgangslogik_1_1B;1;3;26
;;FK_R.00.01_03_Ausgangslogik_1_Szene_1By;1;3;27
;;FK_R.00.01_04_Schalter_1B;1;3;28
;;FK_R.00.01_04_Wert_für_Umschaltung_1B;1;3;29
;;FK_R.00.01_04_Szene_1By;1;3;30
;;FK_R.00.01_04_Zähler_4By;1;3;31
;;FK_R.00.01_04_Sperrobjekt_1B;1;3;32
;;FK_R.00.01_04_Eingangslogik_1A_1B;1;3;33
;;FK_R.00.01_04_Eingangslogik_1B_1B;1;3;34
;;FK_R.00.01_04_Ausgangslogik_1_1B;1;3;35
;;FK_R.00.01_04_Ausgangslogik_1_Szene_1By;1;3;36
;;FK_R.00.02_01_Schalter_1B;1;3;37
;;FK_R.00.02_01_Wert_für_Umschaltung_1B;1;3;38
;;FK_R.00.02_01_Szene_1By;1;3;39
;;FK_R.00.02_01_Zähler_4By;1;3;40
;;FK_R.00.02_01_Sperrobjekt_1B;1;3;41
;;FK_R.00.02_01_Eingangslogik_1A_1B;1;3;42
;;FK_R.00.02_01_Eingangslogik_1B_1B;1;3;43
;;FK_R.00.02_01_Ausgangslogik_1_1B;1;3;44
;;FK_R.00.02_01_Ausgangslogik_1_Szene_1By;1;3;45
;;FK_R.00.03_01_Schalter_1B;1;3;46
;;FK_R.00.03_01_Wert_für_Umschaltung_1B;1;3;47
;;FK_R.00.03_01_Szene_1By;1;3;48
;;FK_R.00.03_01_Zähler_4By;1;3;49
;;FK_R.00.03_01_Sperrobjekt_1B;1;3;50
;;FK_R.00.03_01_Eingangslogik_1A_1B;1;3;51
;;FK_R.00.03_01_Eingangslogik_1B_1B;1;3;52
;;FK_R.00.03_01_Ausgangslogik_1_1B;1;3;53
;;FK_R.00.03_01_Ausgangslogik_1_Szene_1By;1;3;54
;;FK_R.00.04_01_Schalter_1B;1;3;55
;;FK_R.00.04_01_Wert_für_Umschaltung_1B;1;3;56
;;FK_R.00.04_01_Szene_1By;1;3;57
;;FK_R.00.04_01_Zähler_4By;1;3;58
;;FK_R.00.04_01_Sperrobjekt_1B;1;3;59
;;FK_R.00.04_01_Eingangslogik_1A_1B;1;3;60
;;FK_R.00.04_01_Eingangslogik_1B_1B;1;3;61
;;FK_R.00.04_01_Ausgangslogik_1_1B;1;3;62
;;FK_R.00.04_01_Ausgangslogik_1_Szene_1By;1;3;63
;Steckdosen;;1;4
;;S_R.00.01_01_Schalten_1B;1;4;1
;;S_R.00.01_01_Treppenlicht_1B;1;4;2
;;S_R.00.01_01_Service_erforderlich_1B;1;4;3
;;S_R.00.01_01_Schaltimpuls_1B;1;4;4
;;S_R.00.01_01_Sperren_1B;1;4;5
;;S_R.00.01_01_Zeit_bis_nächsten_Service_2By_4By;1;4;6
;;S_R.00.01_01_Betriebsstunden_RM_2By_4By;1;4;7
;;S_R.00.01_01_Treppenlicht_mit_Zeit_1By;1;4;8
;;S_R.00.01_01_Vorwarnen_1B;1;4;9
;;S_R.00.01_01_Betriebsstunden_Reset_1B;1;4;10
;;S_R.00.01_01_Servicemeldung_Reset_1B;1;4;11
;;S_R.00.01_01_Zwangsführung_2B;1;4;12
;;S_R.00.01_01_Priorität_1B;1;4;13
;;S_R.00.01_01_Szene_1By;1;4;14
;;S_R.00.01_01_Status_1B;1;4;15
;;S_R.00.01_01_Status_invertiert_1B;1;4;16
;;S_R.00.01_01_Schwellwertschalter_1By_2By;1;4;17
;;S_R.00.01_01_Logik_1_1B;1;4;18
;;S_R.00.01_01_Logik_2_1B;1;4;19
;;S_R.00.01_02_Schalten_1B;1;4;20
;;S_R.00.01_02_Treppenlicht_1B;1;4;21
;;S_R.00.01_02_Service_erforderlich_1B;1;4;22
;;S_R.00.01_02_Schaltimpuls_1B;1;4;23
;;S_R.00.01_02_Sperren_1B;1;4;24
;;S_R.00.01_02_Zeit_bis_nächsten_Service_2By_4By;1;4;25
;;S_R.00.01_02_Betriebsstunden_RM_2By_4By;1;4;26
;;S_R.00.01_02_Treppenlicht_mit_Zeit_1By;1;4;27
;;S_R.00.01_02_Vorwarnen_1B;1;4;28
;;S_R.00.01_02_Betriebsstunden_Reset_1B;1;4;29
;;S_R.00.01_02_Servicemeldung_Reset_1B;1;4;30
;;S_R.00.01_02_Zwangsführung_2B;1;4;31
;;S_R.00.01_02_Priorität_1B;1;4;32
;;S_R.00.01_02_Szene_1By;1;4;33
;;S_R.00.01_02_Status_1B;1;4;34
;;S_R.00.01_02_Status_invertiert_1B;1;4;35
;;S_R.00.01_02_Schwellwertschalter_1By_2By;1;4;36
;;S_R.00.01_02_Logik_1_1B;1;4;37
;;S_R.00.01_02_Logik_2_1B;1;4;38
;;S_R.00.01_03_Schalten_1B;1;4;39
;;S_R.00.01_03_Treppenlicht_1B;1;4;40
;;S_R.00.01_03_Service_erforderlich_1B;1;4;41
;;S_R.00.01_03_Schaltimpuls_1B;1;4;42
;;S_R.00.01_03_Sperren_1B;1;4;43
;;S_R.00.01_03_Zeit_bis_nächsten_Service_2By_4By;1;4;44
;;S_R.00.01_03_Betriebsstunden_RM_2By_4By;1;4;45
;;S_R.00.01_03_Treppenlicht_mit_Zeit_1By;1;4;46
;;S_R.00.01_03_Vorwarnen_1B;1;4;47
;;S_R.00.01_03_Betriebsstunden_Reset_1B;1;4;48
;;S_R.00.01_03_Servicemeldung_Reset_1B;1;4;49
;;S_R.00.01_03_Zwangsführung_2B;1;4;50
;;S_R.00.01_03_Priorität_1B;1;4;51
;;S_R.00.01_03_Szene_1By;1;4;52
;;S_R.00.01_03_Status_1B;1;4;53
;;S_R.00.01_03_Status_invertiert_1B;1;4;54
;;S_R.00.01_03_Schwellwertschalter_1By_2By;1;4;55
;;S_R.00.01_03_Logik_1_1B;1;4;56
;;S_R.00.01_03_Logik_2_1B;1;4;57
;;S_R.00.01_04_Schalten_1B;1;4;58
;;S_R.00.01_04_Treppenlicht_1B;1;4;59
;;S_R.00.01_04_Service_erforderlich_1B;1;4;60
;;S_R.00.01_04_Schaltimpuls_1B;1;4;61
;;S_R.00.01_04_Sperren_1B;1;4;62
;;S_R.00.01_04_Zeit_bis_nächsten_Service_2By_4By;1;4;63
;;S_R.00.01_04_Betriebsstunden_RM_2By_4By;1;4;64
;;S_R.00.01_04_Treppenlicht_mit_Zeit_1By;1;4;65
;;S_R.00.01_04_Vorwarnen_1B;1;4;66
;;S_R.00.01_04_Betriebsstunden_Reset_1B;1;4;67
;;S_R.00.01_04_Servicemeldung_Reset_1B;1;4;68
;;S_R.00.01_04_Zwangsführung_2B;1;4;69
;;S_R.00.01_04_Priorität_1B;1;4;70
;;S_R.00.01_04_Szene_1By;1;4;71
;;S_R.00.01_04_Status_1B;1;4;72
;;S_R.00.01_04_Status_invertiert_1B;1;4;73
;;S_R.00.01_04_Schwellwertschalter_1By_2By;1;4;74
;;S_R.00.01_04_Logik_1_1B;1;4;75
;;S_R.00.01_04_Logik_2_1B;1;4;76
;;S_R.00.01_05_Schalten_1B;1;4;77
;;S_R.00.01_05_Treppenlicht_1B;1;4;78
;;S_R.00.01_05_Service_erforderlich_1B;1;4;79
;;S_R.00.01_05_Schaltimpuls_1B;1;4;80
;;S_R.00.01_05_Sperren_1B;1;4;81
;;S_R.00.01_05_Zeit_bis_nächsten_Service_2By_4By;1;4;82
;;S_R.00.01_05_Betriebsstunden_RM_2By_4By;1;4;83
;;S_R.00.01_05_Treppenlicht_mit_Zeit_1By;1;4;84
;;S_R.00.01_05_Vorwarnen_1B;1;4;85
;;S_R.00.01_05_Betriebsstunden_Reset_1B;1;4;86
;;S_R.00.01_05_Servicemeldung_Reset_1B;1;4;87
;;S_R.00.01_05_Zwangsführung_2B;1;4;88
;;S_R.00.01_05_Priorität_1B;1;4;89
;;S_R.00.01_05_Szene_1By;1;4;90
;;S_R.00.01_05_Status_1B;1;4;91
;;S_R.00.01_05_Status_invertiert_1B;1;4;92
;;S_R.00.01_05_Schwellwertschalter_1By_2By;1;4;93
;;S_R.00.01_05_Logik_1_1B;1;4;94
;;S_R.00.01_05_Logik_2_1B;1;4;95
;;S_R.00.01_06_Schalten_1B;1;4;96
;;S_R.00.01_06_Treppenlicht_1B;1;4;97
;;S_R.00.01_06_Service_erforderlich_1B;1;4;98
;;S_R.00.01_06_Schaltimpuls_1B;1;4;99
;;S_R.00.01_06_Sperren_1B;1;4;100
;;S_R.00.01_06_Zeit_bis_nächsten_Service_2By_4By;1;4;101
;;S_R.00.01_06_Betriebsstunden_RM_2By_4By;1;4;102
;;S_R.00.01_06_Treppenlicht_mit_Zeit_1By;1;4;103
;;S_R.00.01_06_Vorwarnen_1B;1;4;104
;;S_R.00.01_06_Betriebsstunden_Reset_1B;1;4;105
;;S_R.00.01_06_Servicemeldung_Reset_1B;1;4;106
;;S_R.00.01_06_Zwangsführung_2B;1;4;107
;;S_R.00.01_06_Priorität_1B;1;4;108
;;S_R.00.01_06_Szene_1By;1;4;109
;;S_R.00.01_06_Status_1B;1;4;110
;;S_R.00.01_06_Status_invertiert_1B;1;4;111
;;S_R.00.01_06_Schwellwertschalter_1By_2By;1;4;112
;;S_R.00.01_06_Logik_1_1B;1;4;113
;;S_R.00.01_06_Logik_2_1B;1;4;114
;;S_R.00.01_07_Schalten_1B;1;4;115
;;S_R.00.01_07_Treppenlicht_1B;1;4;116
;;S_R.00.01_07_Service_erforderlich_1B;1;4;117
;;S_R.00.01_07_Schaltimpuls_1B;1;4;118
;;S_R.00.01_07_Sperren_1B;1;4;119
;;S_R.00.01_07_Zeit_bis_nächsten_Service_2By_4By;1;4;120
;;S_R.00.01_07_Betriebsstunden_RM_2By_4By;1;4;121
;;S_R.00.01_07_Treppenlicht_mit_Zeit_1By;1;4;122
;;S_R.00.01_07_Vorwarnen_1B;1;4;123
;;S_R.00.01_07_Betriebsstunden_Reset_1B;1;4;124
;;S_R.00.01_07_Servicemeldung_Reset_1B;1;4;125
;;S_R.00.01_07_Zwangsführung_2B;1;4;126
;;S_R.00.01_07_Priorität_1B;1;4;127
;;S_R.00.01_07_Szene_1By;1;4;128
;;S_R.00.01_07_Status_1B;1;4;129
;;S_R.00.01_07_Status_invertiert_1B;1;4;130
;;S_R.00.01_07_Schwellwertschalter_1By_2By;1;4;131
;;S_R.00.01_07_Logik_1_1B;1;4;132
;;S_R.00.01_07_Logik_2_1B;1;4;133
;;S_R.00.01_08_Schalten_1B;1;4;134
;;S_R.00.01_08_Treppenlicht_1B;1;4;135
;;S_R.00.01_08_Service_erforderlich_1B;1;4;136
;;S_R.00.01_08_Schaltimpuls_1B;1;4;137
;;S_R.00.01_08_Sperren_1B;1;4;138
;;S_R.00.01_08_Zeit_bis_nächsten_Service_2By_4By;1;4;139
;;S_R.00.01_08_Betriebsstunden_RM_2By_4By;1;4;140
;;S_R.00.01_08_Treppenlicht_mit_Zeit_1By;1;4;141
;;S_R.00.01_08_Vorwarnen_1B;1;4;142
;;S_R.00.01_08_Betriebsstunden_Reset_1B;1;4;143
;;S_R.00.01_08_Servicemeldung_Reset_1B;1;4;144
;;S_R.00.01_08_Zwangsführung_2B;1;4;145
;;S_R.00.01_08_Priorität_1B;1;4;146
;;S_R.00.01_08_Szene_1By;1;4;147
;;S_R.00.01_08_Status_1B;1;4;148
;;S_R.00.01_08_Status_invertiert_1B;1;4;149
;;S_R.00.01_08_Schwellwertschalter_1By_2By;1;4;150
;;S_R.00.01_08_Logik_1_1B;1;4;151
;;S_R.00.01_08_Logik_2_1B;1;4;152
;;S_R.00.02_01_Schalten_1B;1;4;153
;;S_R.00.02_01_Treppenlicht_1B;1;4;154
;;S_R.00.02_01_Service_erforderlich_1B;1;4;155
;;S_R.00.02_01_Schaltimpuls_1B;1;4;156
;;S_R.00.02_01_Sperren_1B;1;4;157
;;S_R.00.02_01_Zeit_bis_nächsten_Service_2By_4By;1;4;158
;;S_R.00.02_01_Betriebsstunden_RM_2By_4By;1;4;159
;;S_R.00.02_01_Treppenlicht_mit_Zeit_1By;1;4;160
;;S_R.00.02_01_Vorwarnen_1B;1;4;161
;;S_R.00.02_01_Betriebsstunden_Reset_1B;1;4;162
;;S_R.00.02_01_Servicemeldung_Reset_1B;1;4;163
;;S_R.00.02_01_Zwangsführung_2B;1;4;164
;;S_R.00.02_01_Priorität_1B;1;4;165
;;S_R.00.02_01_Szene_1By;1;4;166
;;S_R.00.02_01_Status_1B;1;4;167
;;S_R.00.02_01_Status_invertiert_1B;1;4;168
;;S_R.00.02_01_Schwellwertschalter_1By_2By;1;4;169
;;S_R.00.02_01_Logik_1_1B;1;4;170
;;S_R.00.02_01_Logik_2_1B;1;4;171
;;S_R.00.03_01_Schalten_1B;1;4;172
;;S_R.00.03_01_Treppenlicht_1B;1;4;173
;;S_R.00.03_01_Service_erforderlich_1B;1;4;174
;;S_R.00.03_01_Schaltimpuls_1B;1;4;175
;;S_R.00.03_01_Sperren_1B;1;4;176
;;S_R.00.03_01_Zeit_bis_nächsten_Service_2By_4By;1;4;177
;;S_R.00.03_01_Betriebsstunden_RM_2By_4By;1;4;178
;;S_R.00.03_01_Treppenlicht_mit_Zeit_1By;1;4;179
;;S_R.00.03_01_Vorwarnen_1B;1;4;180
;;S_R.00.03_01_Betriebsstunden_Reset_1B;1;4;181
;;S_R.00.03_01_Servicemeldung_Reset_1B;1;4;182
;;S_R.00.03_01_Zwangsführung_2B;1;4;183
;;S_R.00.03_01_Priorität_1B;1;4;184
;;S_R.00.03_01_Szene_1By;1;4;185
;;S_R.00.03_01_Status_1B;1;4;186
;;S_R.00.03_01_Status_invertiert_1B;1;4;187
;;S_R.00.03_01_Schwellwertschalter_1By_2By;1;4;188
;;S_R.00.03_01_Logik_1_1B;1;4;189
;;S_R.00.03_01_Logik_2_1B;1;4;190
;;S_R.00.04_01_Schalten_1B;1;4;191
;;S_R.00.04_01_Treppenlicht_1B;1;4;192
;;S_R.00.04_01_Service_erforderlich_1B;1;4;193
;;S_R.00.04_01_Schaltimpuls_1B;1;4;194
;;S_R.00.04_01_Sperren_1B;1;4;195
;;S_R.00.04_01_Zeit_bis_nächsten_Service_2By_4By;1;4;196
;;S_R.00.04_01_Betriebsstunden_RM_2By_4By;1;4;197
;;S_R.00.04_01_Treppenlicht_mit_Zeit_1By;1;4;198
;;S_R.00.04_01_Vorwarnen_1B;1;4;199
;;S_R.00.04_01_Betriebsstunden_Reset_1B;1;4;200
;;S_R.00.04_01_Servicemeldung_Reset_1B;1;4;201
;;S_R.00.04_01_Zwangsführung_2B;1;4;202
;;S_R.00.04_01_Priorität_1B;1;4;203
;;S_R.00.04_01_Szene_1By;1;4;204
;;S_R.00.04_01_Status_1B;1;4;205
;;S_R.00.04_01_Status_invertiert_1B;1;4;206
;;S_R.00.04_01_Schwellwertschalter_1By_2By;1;4;207
;;S_R.00.04_01_Logik_1_1B;1;4;208
;;S_R.00.04_01_Logik_2_1B;1;4;209
OG;;;1
;Licht;;2;0
;;L_R.01.01_01_Schalten_1B;2;0;1
;;L_R.01.01_01_Treppenlicht_1B;2;0;2
;;L_R.01.01_01_Service_erforderlich_1B;2;0;3
;;L_R.01.01_01_Schaltimpuls_1B;2;0;4
;;L_R.01.01_01_Sperren_1B;2;0;5
;;L_R.01.01_01_Zeit_bis_nächsten_Service_2By_4By;2;0;6
;;L_R.01.01_01_Betriebsstunden_RM_2By_4By;2;0;7
;;L_R.01.01_01_Treppenlicht_mit_Zeit_1By;2;0;8
;;L_R.01.01_01_Vorwarnen_1B;2;0;9
;;L_R.01.01_01_Betriebsstunden_Reset_1B;2;0;10
;;L_R.01.01_01_Servicemeldung_Reset_1B;2;0;11
;;L_R.01.01_01_Zwangsführung_2B;2;0;12
;;L_R.01.01_01_Priorität_1B;2;0;13
;;L_R.01.01_01_Szene_1By;2;0;14
;;L_R.01.01_01_Status_1B;2;0;15
;;L_R.01.01_01_Status_invertiert_1B;2;0;16
;;L_R.01.01_01_Schwellwertschalter_1By_2By;2;0;17
;;L_R.01.01_01_Logik_1_1B;2;0;18
;;L_R.01.01_01_Logik_2_1B;2;0;19
;;L_R.01.02_01_Schalten_1B;2;0;20
;;L_R.01.02_01_Treppenlicht_1B;2;0;21
;;L_R.01.02_01_Service_erforderlich_1B;2;0;22
;;L_R.01.02_01_Schaltimpuls_1B;2;0;23
;;L_R.01.02_01_Sperren_1B;2;0;24
;;L_R.01.02_01_Zeit_bis_nächsten_Service_2By_4By;2;0;25
;;L_R.01.02_01_Betriebsstunden_RM_2By_4By;2;0;26
;;L_R.01.02_01_Treppenlicht_mit_Zeit_1By;2;0;27
;;L_R.01.02_01_Vorwarnen_1B;2;0;28
;;L_R.01.02_01_Betriebsstunden_Reset_1B;2;0;29
;;L_R.01.02_01_Servicemeldung_Reset_1B;2;0;30
;;L_R.01.02_01_Zwangsführung_2B;2;0;31
;;L_R.01.02_01_Priorität_1B;2;0;32
;;L_R.01.02_01_Szene_1By;2;0;33
;;L_R.01.02_01_Status_1B;2;0;34
;;L_R.01.02_01_Status_invertiert_1B;2;0;35
;;L_R.01.02_01_Schwellwertschalter_1By_2By;2;0;36
;;L_R.01.02_01_Logik_1_1B;2;0;37
;;L_R.01.02_01_Logik_2_1B;2;0;38
;;L_R.01.03_01_Schalten_1B;2;0;39
;;L_R.01.03_01_Treppenlicht_1B;2;0;40
;;L_R.01.03_01_Service_erforderlich_1B;2;0;41
;;L_R.01.03_01_Schaltimpuls_1B;2;0;42
;;L_R.01.03_01_Sperren_1B;2;0;43
;;L_R.01.03_01_Zeit_bis_nächsten_Service_2By_4By;2;0;44
;;L_R.01.03_01_Betriebsstunden_RM_2By_4By;2;0;45
;;L_R.01.03_01_Treppenlicht_mit_Zeit_1By;2;0;46
;;L_R.01.03_01_Vorwarnen_1B;2;0;47
;;L_R.01.03_01_Betriebsstunden_Reset_1B;2;0;48
;;L_R.01.03_01_Servicemeldung_Reset_1B;2;0;49
;;L_R.01.03_01_Zwangsführung_2B;2;0;50
;;L_R.01.03_01_Priorität_1B;2;0;51
;;L_R.01.03_01_Szene_1By;2;0;52
;;L_R.01.03_01_Status_1B;2;0;53
;;L_R.01.03_01_Status_invertiert_1B;2;0;54
;;L_R.01.03_01_Schwellwertschalter_1By_2By;2;0;55
;;L_R.01.03_01_Logik_1_1B;2;0;56
;;L_R.01.03_01_Logik_2_1B;2;0;57
;;L_R.01.04_01_Schalten_1B;2;0;58
;;L_R.01.04_01_Treppenlicht_1B;2;0;59
;;L_R.01.04_01_Service_erforderlich_1B;2;0;60
;;L_R.01.04_01_Schaltimpuls_1B;2;0;61
;;L_R.01.04_01_Sperren_1B;2;0;62
;;L_R.01.04_01_Zeit_bis_nächsten_Service_2By_4By;2;0;63
;;L_R.01.04_01_Betriebsstunden_RM_2By_4By;2;0;64
;;L_R.01.04_01_Treppenlicht_mit_Zeit_1By;2;0;65
;;L_R.01.04_01_Vorwarnen_1B;2;0;66
;;L_R.01.04_01_Betriebsstunden_Reset_1B;2;0;67
;;L_R.01.04_01_Servicemeldung_Reset_1B;2;0;68
;;L_R.01.04_01_Zwangsführung_2B;2;0;69
;;L_R.01.04_01_Priorität_1B;2;0;70
;;L_R.01.04_01_Szene_1By;2;0;71
;;L_R.01.04_01_Status_1B;2;0;72
;;L_R.01.04_01_Status_invertiert_1B;2;0;73
;;L_R.01.04_01_Schwellwertschalter_1By_2By;2;0;74
;;L_R.01.04_01_Logik_1_1B;2;0;75
;;L_R.01.04_01_Logik_2_1B;2;0;76
;;L_R.01.05_01_Schalten_1B;2;0;77
;;L_R.01.05_01_Treppenlicht_1B;2;0;78
;;L_R.01.05_01_Service_erforderlich_1B;2;0;79
;;L_R.01.05_01_Schaltimpuls_1B;2;0;80
;;L_R.01.05_01_Sperren_1B;2;0;81
;;L_R.01.05_01_Zeit_bis_nächsten_Service_2By_4By;2;0;82
;;L_R.01.05_01_Betriebsstunden_RM_2By_4By;2;0;83
;;L_R.01.05_01_Treppenlicht_mit_Zeit_1By;2;0;84
;;L_R.01.05_01_Vorwarnen_1B;2;0;85
;;L_R.01.05_01_Betriebsstunden_Reset_1B;2;0;86
;;L_R.01.05_01_Servicemeldung_Reset_1B;2;0;87
;;L_R.01.05_01_Zwangsführung_2B;2;0;88
;;L_R.01.05_01_Priorität_1B;2;0;89
;;L_R.01.05_01_Szene_1By;2;0;90
;;L_R.01.05_01_Status_1B;2;0;91
;;L_R.01.05_01_Status_invertiert_1B;2;0;92
;;L_R.01.05_01_Schwellwertschalter_1By_2By;2;0;93
;;L_R.01.05_01_Logik_1_1B;2;0;94
;;L_R.01.05_01_Logik_2_1B;2;0;95
;;L_R.01.06_01_Schalten_1B;2;0;96
;;L_R.01.06_01_Treppenlicht_1B;2;0;97
;;L_R.01.06_01_Service_erforderlich_1B;2;0;98
;;L_R.01.06_01_Schaltimpuls_1B;2;0;99
;;L_R.01.06_01_Sperren_1B;2;0;100
;;L_R.01.06_01_Zeit_bis_nächsten_Service_2By_4By;2;0;101
;;L_R.01.06_01_Betriebsstunden_RM_2By_4By;2;0;102
;;L_R.01.06_01_Treppenlicht_mit_Zeit_1By;2;0;103
;;L_R.01.06_01_Vorwarnen_1B;2;0;104
;;L_R.01.06_01_Betriebsstunden_Reset_1B;2;0;105
;;L_R.01.06_01_Servicemeldung_Reset_1B;2;0;106
;;L_R.01.06_01_Zwangsführung_2B;2;0;107
;;L_R.01.06_01_Priorität_1B;2;0;108
;;L_R.01.06_01_Szene_1By;2;0;109
;;L_R.01.06_01_Status_1B;2;0;110
;;L_R.01.06_01_Status_invertiert_1B;2;0;111
;;L_R.01.06_01_Schwellwertschalter_1By_2By;2;0;112
;;L_R.01.06_01_Logik_1_1B;2;0;113
;;L_R.01.06_01_Logik_2_1B;2;0;114
;;L_R.01.06_02_Schalten_1B;2;0;115
;;L_R.01.06_02_Treppenlicht_1B;2;0;116
;;L_R.01.06_02_Service_erforderlich_1B;2;0;117
;;L_R.01.06_02_Schaltimpuls_1B;2;0;118
;;L_R.01.06_02_Sperren_1B;2;0;119
;;L_R.01.06_02_Zeit_bis_nächsten_Service_2By_4By;2;0;120
;;L_R.01.06_02_Betriebsstunden_RM_2By_4By;2;0;121
;;L_R.01.06_02_Treppenlicht_mit_Zeit_1By;2;0;122
;;L_R.01.06_02_Vorwarnen_1B;2;0;123
;;L_R.01.06_02_Betriebsstunden_Reset_1B;2;0;124
;;L_R.01.06_02_Servicemeldung_Reset_1B;2;0;125
;;L_R.01.06_02_Zwangsführung_2B;2;0;126
;;L_R.01.06_02_Priorität_1B;2;0;127
;;L_R.01.06_02_Szene_1By;2;0;128
;;L_R.01.06_02_Status_1B;2;0;129
;;L_R.01.06_02_Status_invertiert_1B;2;0;130
;;L_R.01.06_02_Schwellwertschalter_1By_2By;2;0;131
;;L_R.01.06_02_Logik_1_1B;2;0;132
;;L_R.01.06_02_Logik_2_1B;2;0;133
;;L_R.01.06_03_Schalten_1B;2;0;134
;;L_R.01.06_03_Treppenlicht_1B;2;0;135
;;L_R.01.06_03_Service_erforderlich_1B;2;0;136
;;L_R.01.06_03_Schaltimpuls_1B;2;0;137
;;L_R.01.06_03_Sperren_1B;2;0;138
;;L_R.01.06_03_Zeit_bis_nächsten_Service_2By_4By;2;0;139
;;L_R.01.06_03_Betriebsstunden_RM_2By_4By;2;0;140
;;L_R.01.06_03_Treppenlicht_mit_Zeit_1By;2;0;141
;;L_R.01.06_03_Vorwarnen_1B;2;0;142
;;L_R.01.06_03_Betriebsstunden_Reset_1B;2;0;143
;;L_R.01.06_03_Servicemeldung_Reset_1B;2;0;144
;;L_R.01.06_03_Zwangsführung_2B;2;0;145
;;L_R.01.06_03_Priorität_1B;2;0;146
;;L_R.01.06_03_Szene_1By;2;0;147
;;L_R.01.06_03_Status_1B;2;0;148
;;L_R.01.06_03_Status_invertiert_1B;2;0;149
;;L_R.01.06_03_Schwellwertschalter_1By_2By;2;0;150
;;L_R.01.06_03_Logik_1_1B;2;0;151
;;L_R.01.06_03_Logik_2_1B;2;0;152
;;L_R.01.07_01_Schalten_1B;2;0;153
;;L_R.01.07_01_Treppenlicht_1B;2;0;154
;;L_R.01.07_01_Service_erforderlich_1B;2;0;155
;;L_R.01.07_01_Schaltimpuls_1B;2;0;156
;;L_R.01.07_01_Sperren_1B;2;0;157
;;L_R.01.07_01_Zeit_bis_nächsten_Service_2By_4By;2;0;158
;;L_R.01.07_01_Betriebsstunden_RM_2By_4By;2;0;159
;;L_R.01.07_01_Treppenlicht_mit_Zeit_1By;2;0;160
;;L_R.01.07_01_Vorwarnen_1B;2;0;161
;;L_R.01.07_01_Betriebsstunden_Reset_1B;2;0;162
;;L_R.01.07_01_Servicemeldung_Reset_1B;2;0;163
;;L_R.01.07_01_Zwangsführung_2B;2;0;164
;;L_R.01.07_01_Priorität_1B;2;0;165
;;L_R.01.07_01_Szene_1By;2;0;166
;;L_R.01.07_01_Status_1B;2;0;167
;;L_R.01.07_01_Status_invertiert_1B;2;0;168
;;L_R.01.07_01_Schwellwertschalter_1By_2By;2;0;169
;;L_R.01.07_01_Logik_1_1B;2;0;170
;;L_R.01.07_01_Logik_2_1B;2;0;171
;;L_R.01.08_01_Schalten_1B;2;0;172
;;L_R.01.08_01_Treppenlicht_1B;2;0;173
;;L_R.01.08_01_Service_erforderlich_1B;2;0;174
;;L_R.01.08_01_Schaltimpuls_1B;2;0;175
;;L_R.01.08_01_Sperren_1B;2;0;176
;;L_R.01.08_01_Zeit_bis_nächsten_Service_2By_4By;2;0;177
;;L_R.01.08_01_Betriebsstunden_RM_2By_4By;2;0;178
;;L_R.01.08_01_Treppenlicht_mit_Zeit_1By;2;0;179
;;L_R.01.08_01_Vorwarnen_1B;2;0;180
;;L_R.01.08_01_Betriebsstunden_Reset_1B;2;0;181
;;L_R.01.08_01_Servicemeldung_Reset_1B;2;0;182
;;L_R.01.08_01_Zwangsführung_2B;2;0;183
;;L_R.01.08_01_Priorität_1B;2;0;184
;;L_R.01.08_01_Szene_1By;2;0;185
;;L_R.01.08_01_Status_1B;2;0;186
;;L_R.01.08_01_Status_invertiert_1B;2;0;187
;;L_R.01.08_01_Schwellwertschalter_1By_2By;2;0;188
;;L_R.01.08_01_Logik_1_1B;2;0;189
;;L_R.01.08_01_Logik_2_1B;2;0;190
;Rollladen;;2;1
;;R_R.01.01_01_Automatikposition_1_1B;2;1;1
;;R_R.01.01_01_Automatikposition_2_1B;2;1;2
;;R_R.01.01_01_Automatikposition_3_1B;2;1;3
;;R_R.01.01_01_Automatikposition_4_1B;2;1;4
;;R_R.01.01_01_Automatikposition_1_1B;2;1;5
;;R_R.01.01_01_Automatikposition_2_1B;2;1;6
;;R_R.01.01_01_Automatikposition_3_1B;2;1;7
;;R_R.01.01_01_Automatikposition_4_1B;2;1;8
;;R_R.01.01_01_Rollladen_auf_ab_1B;2;1;9
;;R_R.01.01_01_Kurzzeitbetrieb_Stop_1B;2;1;10
;;R_R.01.01_01_Szene_1By;2;1;11
;;R_R.01.01_01_Status_akt_Richtung_1B;2;1;12
;;R_R.01.01_01_Verfahrstatus_auf_1B;2;1;13
;;R_R.01.01_01_Verfahrstatus_ab_1B;2;1;14
;;R_R.01.01_01_Absolute_Position_1By;2;1;15
;;R_R.01.01_01_Status_akt_Position_1By;2;1;16
;;R_R.01.01_01_Status_Sperre_Alarme_1B;2;1;17
;;R_R.01.01_01_Referenzfahrt_starten_1B;2;1;18
;;R_R.01.01_01_Position_anfahren_1B;2;1;19
;;R_R.01.01_01_Status_obere_Position_1B;2;1;20
;;R_R.01.01_01_Status_untere_Position_1B;2;1;21
;;R_R.01.01_01_Zentrales_Objekt_sperren_1B;2;1;22
;;R_R.01.01_01_Sperren_absolute_Position_1B;2;1;23
;;R_R.01.01_01_Funktionen_sperren_1B;2;1;24
;;R_R.01.01_01_Windalarm_1B;2;1;25
;;R_R.01.01_01_Regenalarm_1B;2;1;26
;;R_R.01.01_01_Frostalarm_1B;2;1;27
;;R_R.01.01_01_Sperren_1B;2;1;28
;;R_R.01.01_01_Fensterkontakt_1_1B;2;1;29
;;R_R.01.01_01_Fensterkontakt_2_1B;2;1;30
;;R_R.01.01_01_Raumtemperatur_2By;2;1;31
;;R_R.01.01_01_Beschattung_sperren_aktivieren_1B;2;1;32
;;R_R.01.01_01_Status_Beschattung_bereit_1B;2;1;33
;;R_R.01.01_01_Status_Beschattung_Zustand_1B;2;1;34
;;R_R.01.01_01_Diagnose_1B;2;1;35
;;R_R.01.02_01_Automatikposition_1_1B;2;1;36
;;R_R.01.02_01_Automatikposition_2_1B;2;1;37
;;R_R.01.02_01_Automatikposition_3_1B;2;1;38
;;R_R.01.02_01_Automatikposition_4_1B;2;1;39
;;R_R.01.02_01_Automatikposition_1_1B;2;1;40
;;R_R.01.02_01_Automatikposition_2_1B;2;1;41
;;R_R.01.02_01_Automatikposition_3_1B;2;1;42
;;R_R.01.02_01_Automatikposition_4_1B;2;1;43
;;R_R.01.02_01_Rollladen_auf_ab_1B;2;1;44
;;R_R.01.02_01_Kurzzeitbetrieb_Stop_1B;2;1;45
;;R_R.01.02_01_Szene_1By;2;1;46
;;R_R.01.02_01_Status_akt_Richtung_1B;2;1;47
;;R_R.01.02_01_Verfahrstatus_auf_1B;2;1;48
;;R_R.01.02_01_Verfahrstatus_ab_1B;2;1;49
;;R_R.01.02_01_Absolute_Position_1By;2;1;50
;;R_R.01.02_01_Status_akt_Position_1By;2;1;51
;;R_R.01.02_01_Status_Sperre_Alarme_1B;2;1;52
;;R_R.01.02_01_Referenzfahrt_starten_1B;2;1;53
;;R_R.01.02_01_Position_anfahren_1B;2;1;54
;;R_R.01.02_01_Status_obere_Position_1B;2;1;55
;;R_R.01.02_01_Status_untere_Position_1B;2;1;56
;;R_R.01.02_01_Zentrales_Objekt_sperren_1B;2;1;57
;;R_R.01.02_01_Sperren_absolute_Position_1B;2;1;58
;;R_R.01.02_01_Funktionen_sperren_1B;2;1;59
;;R_R.01.02_01_Windalarm_1B;2;1;60
;;R_R.01.02_01_Regenalarm_1B;2;1;61
;;R_R.01.02_01_Frostalarm_1B;2;1;62
;;R_R.01.02_01_Sperren_1B;2;1;63
;;R_R.01.02_01_Fensterkontakt_1_1B;2;1;64
;;R_R.01.02_01_Fensterkontakt_2_1B;2;1;65
;;R_R.01.02_01_Raumtemperatur_2By;2;1;66
;;R_R.01.02_01_Beschattung_sperren_aktivieren_1B;2;1;67
;;R_R.01.02_01_Status_Beschattung_bereit_1B;2;1;68
;;R_R.01.02_01_Status_Beschattung_Zustand_1B;2;1;69
;;R_R.01.02_01_Diagnose_1B;2;1;70
;;R_R.01.03_01_Automatikposition_1_1B;2;1;71
;;R_R.01.03_01_Automatikposition_2_1B;2;1;72
;;R_R.01.03_01_Automatikposition_3_1B;2;1;73
;;R_R.01.03_01_Automatikposition_4_1B;2;1;74
;;R_R.01.03_01_Automatikposition_1_1B;2;1;75
;;R_R.01.03_01_Automatikposition_2_1B;2;1;76
;;R_R.01.03_01_Automatikposition_3_1B;2;1;77
;;R_R.01.03_01_Automatikposition_4_1B;2;1;78
;;R_R.01.03_01_Rollladen_auf_ab_1B;2;1;79
;;R_R.01.03_01_Kurzzeitbetrieb_Stop_1B;2;1;80
;;R_R.01.03_01_Szene_1By;2;1;81
;;R_R.01.03_01_Status_akt_Richtung_1B;2;1;82
;;R_R.01.03_01_Verfahrstatus_auf_1B;2;1;83
;;R_R.01.03_01_Verfahrstatus_ab_1B;2;1;84
;;R_R.01.03_01_Absolute_Position_1By;2;1;85
;;R_R.01.03_01_Status_akt_Position_1By;2;1;86
;;R_R.01.03_01_Status_Sperre_Alarme_1B;2;1;87
;;R_R.01.03_01_Referenzfahrt_starten_1B;2;1;88
;;R_R.01.03_01_Position_anfahren_1B;2;1;89
;;R_R.01.03_01_Status_obere_Position_1B;2;1;90
;;R_R.01.03_01_Status_untere_Position_1B;2;1;91
;;R_R.01.03_01_Zentrales_Objekt_sperren_1B;2;1;92
;;R_R.01.03_01_Sperren_absolute_Position_1B;2;1;93
;;R_R.01.03_01_Funktionen_sperren_1B;2;1;94
;;R_R.01.03_01_Windalarm_1B;2;1;95
;;R_R.01.03_01_Regenalarm_1B;2;1;96
;;R_R.01.03_01_Frostalarm_1B;2;1;97
;;R_R.01.03_01_Sperren_1B;2;1;98
;;R_R.01.03_01_Fensterkontakt_1_1B;2;1;99
;;R_R.01.03_01_Fensterkontakt_2_1B;2;1;100
;;R_R.01.03_01_Raumtemperatur_2By;2;1;101
;;R_R.01.03_01_Beschattung_sperren_aktivieren_1B;2;1;102
;;R_R.01.03_01_Status_Beschattung_bereit_1B;2;1;103
;;R_R.01.03_01_Status_Beschattung_Zustand_1B;2;1;104
;;R_R.01.03_01_Diagnose_1B;2;1;105
;;R_R.01.04_01_Automatikposition_1_1B;2;1;106
;;R_R.01.04_01_Automatikposition_2_1B;2;1;107
;;R_R.01.04_01_Automatikposition_3_1B;2;1;108
;;R_R.01.04_01_Automatikposition_4_1B;2;1;109
;;R_R.01.04_01_Automatikposition_1_1B;2;1;110
;;R_R.01.04_01_Automatikposition_2_1B;2;1;111
;;R_R.01.04_01_Automatikposition_3_1B;2;1;112
;;R_R.01.04_01_Automatikposition_4_1B;2;1;113
;;R_R.01.04_01_Rollladen_auf_ab_1B;2;1;114
;;R_R.01.04_01_Kurzzeitbetrieb_Stop_1B;2;1;115
;;R_R.01.04_01_Szene_1By;2;1;116
;;R_R.01.04_01_Status_akt_Richtung_1B;2;1;117
;;R_R.01.04_01_Verfahrstatus_auf_1B;2;1;118
;;R_R.01.04_01_Verfahrstatus_ab_1B;2;1;119
;;R_R.01.04_01_Absolute_Position_1By;2;1;120
;;R_R.01.04_01_Status_akt_Position_1By;2;1;121
;;R_R.01.04_01_Status_Sperre_Alarme_1B;2;1;122
;;R_R.01.04_01_Referenzfahrt_starten_1B;2;1;123
;;R_R.01.04_01_Position_anfahren_1B;2;1;124
;;R_R.01.04_01_Status_obere_Position_1B;2;1;125
;;R_R.01.04_01_Status_untere_Position_1B;2;1;126
;;R_R.01.04_01_Zentrales_Objekt_sperren_1B;2;1;127
;;R_R.01.04_01_Sperren_absolute_Position_1B;2;1;128
;;R_R.01.04_01_Funktionen_sperren_1B;2;1;129
;;R_R.01.04_01_Windalarm_1B;2;1;130
;;R_R.01.04_01_Regenalarm_1B;2;1;131
;;R_R.01.04_01_Frostalarm_1B;2;1;132
;;R_R.01.04_01_Sperren_1B;2;1;133
;;R_R.01.04_01_Fensterkontakt_1_1B;2;1;134
;;R_R.01.04_01_Fensterkontakt_2_1B;2;1;135
;;R_R.01.04_01_Raumtemperatur_2By;2;1;136
;;R_R.01.04_01_Beschattung_sperren_aktivieren_1B;2;1;137
;;R_R.01.04_01_Status_Beschattung_bereit_1B;2;1;138
;;R_R.01.04_01_Status_Beschattung_Zustand_1B;2;1;139
;;R_R.01.04_01_Diagnose_1B;2;1;140
;;R_R.01.05_01_Automatikposition_1_1B;2;1;141
;;R_R.01.05_01_Automatikposition_2_1B;2;1;142
;;R_R.01.05_01_Automatikposition_3_1B;2;1;143
;;R_R.01.05_01_Automatikposition_4_1B;2;1;144
;;R_R.01.05_01_Automatikposition_1_1B;2;1;145
;;R_R.01.05_01_Automatikposition_2_1B;2;1;146
;;R_R.01.05_01_Automatikposition_3_1B;2;1;147
;;R_R.01.05_01_Automatikposition_4_1B;2;1;148
;;R_R.01.05_01_Rollladen_auf_ab_1B;2;1;149
;;R_R.01.05_01_Kurzzeitbetrieb_Stop_1B;2;1;150
;;R_R.01.05_01_Szene_1By;2;1;151
;;R_R.01.05_01_Status_akt_Richtung_1B;2;1;152
;;R_R.01.05_01_Verfahrstatus_auf_1B;2;1;153
;;R_R.01.05_01_Verfahrstatus_ab_1B;2;1;154
;;R_R.01.05_01_Absolute_Position_1By;2;1;155
;;R_R.01.05_01_Status_akt_Position_1By;2;1;156
;;R_R.01.05_01_Status_Sperre_Alarme_1B;2;1;157
;;R_R.01.05_01_Referenzfahrt_starten_1B;2;1;158
;;R_R.01.05_01_Position_anfahren_1B;2;1;159
;;R_R.01.05_01_Status_obere_Position_1B;2;1;160
;;R_R.01.05_01_Status_untere_Position_1B;2;1;161
;;R_R.01.05_01_Zentrales_Objekt_sperren_1B;2;1;162
;;R_R.01.05_01_Sperren_absolute_Position_1B;2;1;163
;;R_R.01.05_01_Funktionen_sperren_1B;2;1;164
;;R_R.01.05_01_Windalarm_1B;2;1;165
;;R_R.01.05_01_Regenalarm_1B;2;1;166
;;R_R.01.05_01_Frostalarm_1B;2;1;167
;;R_R.01.05_01_Sperren_1B;2;1;168
;;R_R.01.05_01_Fensterkontakt_1_1B;2;1;169
;;R_R.01.05_01_Fensterkontakt_2_1B;2;1;170
;;R_R.01.05_01_Raumtemperatur_2By;2;1;171
;;R_R.01.05_01_Beschattung_sperren_aktivieren_1B;2;1;172
;;R_R.01.05_01_Status_Beschattung_bereit_1B;2;1;173
;;R_R.01.05_01_Status_Beschattung_Zustand_1B;2;1;174
;;R_R.01.05_01_Diagnose_1B;2;1;175
;;R_R.01.06_01_Automatikposition_1_1B;2;1;176
;;R_R.01.06_01_Automatikposition_2_1B;2;1;177
;;R_R.01.06_01_Automatikposition_3_1B;2;1;178
;;R_R.01.06_01_Automatikposition_4_1B;2;1;179
;;R_R.01.06_01_Automatikposition_1_1B;2;1;180
;;R_R.01.06_01_Automatikposition_2_1B;2;1;181
;;R_R.01.06_01_Automatikposition_3_1B;2;1;182
;;R_R.01.06_01_Automatikposition_4_1B;2;1;183
;;R_R.01.06_01_Rollladen_auf_ab_1B;2;1;184
;;R_R.01.06_01_Kurzzeitbetrieb_Stop_1B;2;1;185
;;R_R.01.06_01_Szene_1By;2;1;186
;;R_R.01.06_01_Status_akt_Richtung_1B;2;1;187
;;R_R.01.06_01_Verfahrstatus_auf_1B;2;1;188
;;R_R.01.06_01_Verfahrstatus_ab_1B;2;1;189
;;R_R.01.06_01_Absolute_Position_1By;2;1;190
;;R_R.01.06_01_Status_akt_Position_1By;2;1;191
;;R_R.01.06_01_Status_Sperre_Alarme_1B;2;1;192
;;R_R.01.06_01_Referenzfahrt_starten_1B;2;1;193
;;R_R.01.06_01_Position_anfahren_1B;2;1;194
;;R_R.01.06_01_Status_obere_Position_1B;2;1;195
;;R_R.01.06_01_Status_untere_Position_1B;2;1;196
;;R_R.01.06_01_Zentrales_Objekt_sperren_1B;2;1;197
;;R_R.01.06_01_Sperren_absolute_Position_1B;2;1;198
;;R_R.01.06_01_Funktionen_sperren_1B;2;1;199
;;R_R.01.06_01_Windalarm_1B;2;1;200
;;R_R.01.06_01_Regenalarm_1B;2;1;201
;;R_R.01.06_01_Frostalarm_1B;2;1;202
;;R_R.01.06_01_Sperren_1B;2;1;203
;;R_R.01.06_01_Fensterkontakt_1_1B;2;1;204
;;R_R.01.06_01_Fensterkontakt_2_1B;2;1;205
;;R_R.01.06_01_Raumtemperatur_2By;2;1;206
;;R_R.01.06_01_Beschattung_sperren_aktivieren_1B;2;1;207
;;R_R.01.06_01_Status_Beschattung_bereit_1B;2;1;208
;;R_R.01.06_01_Status_Beschattung_Zustand_1B;2;1;209
;;R_R.01.06_01_Diagnose_1B;2;1;210
;Heizung;;2;2
;;H_R.01.01_01_Temperaturmesswert_2By;2;2;1
;;H_R.01.01_01_Vorlauftemperatur_2By;2;2;2
;;H_R.01.01_01_Sperren_1B;2;2;3
;;H_R.01.01_01_Status_Stellwert_1B;2;2;4
;;H_R.01.01_01_Status_Stellwert_1By;2;2;5
;;H_R.01.01_01_Komfortverlängerung_1B;2;2;6
;;H_R.01.01_01_Zwangsstellung_1B;2;2;7
;;H_R.01.01_01_Taupunktalarm_1B;2;2;8
;;H_R.01.01_01_PWM_Ausgang_Kühlen_für_4_Rohr_1By;2;2;9
;;H_R.01.01_01_Sollwert_Komfort_2By;2;2;10
;;H_R.01.01_01_Sollwertverschiebung_2By;2;2;11
;;H_R.01.01_01_Aktueller_Sollwert_2By;2;2;12
;;H_R.01.01_01_Betriebsartvorwahl_1By;2;2;13
;;H_R.01.01_01_DPT_HVAC_Status_1By;2;2;14
;;H_R.01.01_01_DPT_RHCC_Status_2By;2;2;15
;;H_R.01.01_01_Betriebsart_Komfort_1B;2;2;16
;;H_R.01.01_01_Betriebsart_Nacht_1B;2;2;17
;;H_R.01.01_01_Betriebsart_Frost_Hitzeschutz_1B;2;2;18
;;H_R.01.01_01_Frostalarm_1B;2;2;19
;;H_R.01.01_01_Hitzealarm_1B;2;2;20
;;H_R.01.01_01_Sollwertverschiebung_1B;2;2;21
;;H_R.01.01_01_Diagnosetext_14By;2;2;22
;;H_R.01.02_01_Temperaturmesswert_2By;2;2;23
;;H_R.01.02_01_Vorlauftemperatur_2By;2;2;24
;;H_R.01.02_01_Sperren_1B;2;2;25
;;H_R.01.02_01_Status_Stellwert_1B;2;2;26
;;H_R.01.02_01_Status_Stellwert_1By;2;2;27
;;H_R.01.02_01_Komfortverlängerung_1B;2;2;28
;;H_R.01.02_01_Zwangsstellung_1B;2;2;29
;;H_R.01.02_01_Taupunktalarm_1B;2;2;30
;;H_R.01.02_01_PWM_Ausgang_Kühlen_für_4_Rohr_1By;2;2;31
;;H_R.01.02_01_Sollwert_Komfort_2By;2;2;32
;;H_R.01.02_01_Sollwertverschiebung_2By;2;2;33
;;H_R.01.02_01_Aktueller_Sollwert_2By;2;2;34
;;H_R.01.02_01_Betriebsartvorwahl_1By;2;2;35
;;H_R.01.02_01_DPT_HVAC_Status_1By;2;2;36
;;H_R.01.02_01_DPT_RHCC_Status_2By;2;2;37
;;H_R.01.02_01_Betriebsart_Komfort_1B;2;2;38
;;H_R.01.02_01_Betriebsart_Nacht_1B;2;2;39
;;H_R.01.02_01_Betriebsart_Frost_Hitzeschutz_1B;2;2;40
;;H_R.01.02_01_Frostalarm_1B;2;2;41
;;H_R.01.02_01_Hitzealarm_1B;2;2;42
;;H_R.01.02_01_Sollwertverschiebung_1B;2;2;43
;;H_R.01.02_01_Diagnosetext_14By;2;2;44
;;H_R.01.03_01_Temperaturmesswert_2By;2;2;45
;;H_R.01.03_01_Vorlauftemperatur_2By;2;2;46
;;H_R.01.03_01_Sperren_1B;2;2;47
;;H_R.01.03_01_Status_Stellwert_1B;2;2;48
;;H_R.01.03_01_Status_Stellwert_1By;2;2;49
;;H_R.01.03_01_Komfortverlängerung_1B;2;2;50
;;H_R.01.03_01_Zwangsstellung_1B;2;2;51
;;H_R.01.03_01_Taupunktalarm_1B;2;2;52
;;H_R.01.03_01_PWM_Ausgang_Kühlen_für_4_Rohr_1By;2;2;53
;;H_R.01.03_01_Sollwert_Komfort_2By;2;2;54
;;H_R.01.03_01_Sollwertverschiebung_2By;2;2;55
;;H_R.01.03_01_Aktueller_Sollwert_2By;2;2;56
;;H_R.01.03_01_Betriebsartvorwahl_1By;2;2;57
;;H_R.01.03_01_DPT_HVAC_Status_1By;2;2;58
;;H_R.01.03_01_DPT_RHCC_Status_2By;2;2;59
;;H_R.01.03_01_Betriebsart_Komfort_1B;2;2;60
;;H_R.01.03_01_Betriebsart_Nacht_1B;2;2;61
;;H_R.01.03_01_Betriebsart_Frost_Hitzeschutz_1B;2;2;62
;;H_R.01.03_01_Frostalarm_1B;2;2;63
;;H_R.01.03_01_Hitzealarm_1B;2;2;64
;;H_R.01.03_01_Sollwertverschiebung_1B;2;2;65
;;H_R.01.03_01_Diagnosetext_14By;2;2;66
;;H_R.01.04_01_Temperaturmesswert_2By;2;2;67
;;H_R.01.04_01_Vorlauftemperatur_2By;2;2;68
;;H_R.01.04_01_Sperren_1B;2;2;69
;;H_R.01.04_01_Status_Stellwert_1B;2;2;70
;;H_R.01.04_01_Status_Stellwert_1By;2;2;71
;;H_R.01.04_01_Komfortverlängerung_1B;2;2;72
;;H_R.01.04_01_Zwangsstellung_1B;2;2;73
;;H_R.01.04_01_Taupunktalarm_1B;2;2;74
;;H_R.01.04_01_PWM_Ausgang_Kühlen_für_4_Rohr_1By;2;2;75
;;H_R.01.04_01_Sollwert_Komfort_2By;2;2;76
;;H_R.01.04_01_Sollwertverschiebung_2By;2;2;77
;;H_R.01.04_01_Aktueller_Sollwert_2By;2;2;78
;;H_R.01.04_01_Betriebsartvorwahl_1By;2;2;79
;;H_R.01.04_01_DPT_HVAC_Status_1By;2;2;80
;;H_R.01.04_01_DPT_RHCC_Status_2By;2;2;81
;;H_R.01.04_01_Betriebsart_Komfort_1B;2;2;82
;;H_R.01.04_01_Betriebsart_Nacht_1B;2;2;83
;;H_R.01.04_01_Betriebsart_Frost_Hitzeschutz_1B;2;2;84
;;H_R.01.04_01_Frostalarm_1B;2;2;85
;;H_R.01.04_01_Hitzealarm_1B;2;2;86
;;H_R.01.04_01_Sollwertverschiebung_1B;2;2;87
;;H_R.01.04_01_Diagnosetext_14By;2;2;88
;;H_R.01.05_01_Temperaturmesswert_2By;2;2;89
;;H_R.01.05_01_Vorlauftemperatur_2By;2;2;90
;;H_R.01.05_01_Sperren_1B;2;2;91
;;H_R.01.05_01_Status_Stellwert_1B;2;2;92
;;H_R.01.05_01_Status_Stellwert_1By;2;2;93
;;H_R.01.05_01_Komfortverlängerung_1B;2;2;94
;;H_R.01.05_01_Zwangsstellung_1B;2;2;95
;;H_R.01.05_01_Taupunktalarm_1B;2;2;96
;;H_R.01.05_01_PWM_Ausgang_Kühlen_für_4_Rohr_1By;2;2;97
;;H_R.01.05_01_Sollwert_Komfort_2By;2;2;98
;;H_R.01.05_01_Sollwertverschiebung_2By;2;2;99
;;H_R.01.05_01_Aktueller_Sollwert_2By;2;2;100
;;H_R.01.05_01_Betriebsartvorwahl_1By;2;2;101
;;H_R.01.05_01_DPT_HVAC_Status_1By;2;2;102
;;H_R.01.05_01_DPT_RHCC_Status_2By;2;2;103
;;H_R.01.05_01_Betriebsart_Komfort_1B;2;2;104
;;H_R.01.05_01_Betriebsart_Nacht_1B;2;2;105
;;H_R.01.05_01_Betriebsart_Frost_Hitzeschutz_1B;2;2;106
;;H_R.01.05_01_Frostalarm_1B;2;2;107
;;H_R.01.05_01_Hitzealarm_1B;2;2;108
;;H_R.01.05_01_Sollwertverschiebung_1B;2;2;109
;;H_R.01.05_01_Diagnosetext_14By;2;2;110
;;H_R.01.06_01_Temperaturmesswert_2By;2;2;111
;;H_R.01.06_01_Vorlauftemperatur_2By;2;2;112
;;H_R.01.06_01_Sperren_1B;2;2;113
;;H_R.01.06_01_Status_Stellwert_1B;2;2;114
;;H_R.01.06_01_Status_Stellwert_1By;2;2;115
;;H_R.01.06_01_Komfortverlängerung_1B;2;2;116
;;H_R.01.06_01_Zwangsstellung_1B;2;2;117
;;H_R.01.06_01_Taupunktalarm_1B;2;2;118
;;H_R.01.06_01_PWM_Ausgang_Kühlen_für_4_Rohr_1By;2;2;119
;;H_R.01.06_01_Sollwert_Komfort_2By;2;2;120
;;H_R.01.06_01_Sollwertverschiebung_2By;2;2;121
;;H_R.01.06_01_Aktueller_Sollwert_2By;2;2;122
;;H_R.01.06_01_Betriebsartvorwahl_1By;2;2;123
;;H_R.01.06_01_DPT_HVAC_Status_1By;2;2;124
;;H_R.01.06_01_DPT_RHCC_Status_2By;2;2;125
;;H_R.01.06_01_Betriebsart_Komfort_1B;2;2;126
;;H_R.01.06_01_Betriebsart_Nacht_1B;2;2;127
;;H_R.01.06_01_Betriebsart_Frost_Hitzeschutz_1B;2;2;128
;;H_R.01.06_01_Frostalarm_1B;2;2;129
;;H_R.01.06_01_Hitzealarm_1B;2;2;130
;;H_R.01.06_01_Sollwertverschiebung_1B;2;2;131
;;H_R.01.06_01_Diagnosetext_14By;2;2;132
;Fensterkontakte;;2;3
;;FK_R.01.01_01_Schalter_1B;2;3;1
;;FK_R.01.01_01_Wert_für_Umschaltung_1B;2;3;2
;;FK_R.01.01_01_Szene_1By;2;3;3
;;FK_R.01.01_01_Zähler_4By;2;3;4
;;FK_R.01.01_01_Sperrobjekt_1B;2;3;5
;;FK_R.01.01_01_Eingangslogik_1A_1B;2;3;6
;;FK_R.01.01_01_Eingangslogik_1B_1B;2;3;7
;;FK_R.01.01_01_Ausgangslogik_1_1B;2;3;8
;;FK_R.01.01_01_Ausgangslogik_1_Szene_1By;2;3;9
;;FK_R.01.02_01_Schalter_1B;2;3;10
;;FK_R.01.02_01_Wert_für_Umschaltung_1B;2;3;11
;;FK_R.01.02_01_Szene_1By;2;3;12
;;FK_R.01.02_01_Zähler_4By;2;3;13
;;FK_R.01.02_01_Sperrobjekt_1B;2;3;14
;;FK_R.01.02_01_Eingangslogik_1A_1B;2;3;15
;;FK_R.01.02_01_Eingangslogik_1B_1B;2;3;16
;;FK_R.01.02_01_Ausgangslogik_1_1B;2;3;17
;;FK_R.01.02_01_Ausgangslogik_1_Szene_1By;2;3;18
;;FK_R.01.03_01_Schalter_1B;2;3;19
;;FK_R.01.03_01_Wert_für_Umschaltung_1B;2;3;20
;;FK_R.01.03_01_Szene_1By;2;3;21
;;FK_R.01.03_01_Zähler_4By;2;3;22
;;FK_R.01.03_01_Sperrobjekt_1B;2;3;23
;;FK_R.01.03_01_Eingangslogik_1A_1B;2;3;24
;;FK_R.01.03_01_Eingangslogik_1B_1B;2;3;25
;;FK_R.01.03_01_Ausgangslogik_1_1B;2;3;26
;;FK_R.01.03_01_Ausgangslogik_1_Szene_1By;2;3;27
;;FK_R.01.04_01_Schalter_1B;2;3;28
;;FK_R.01.04_01_Wert_für_Umschaltung_1B;2;3;29
;;FK_R.01.04_01_Szene_1By;2;3;30
;;FK_R.01.04_01_Zähler_4By;2;3;31
;;FK_R.01.04_01_Sperrobjekt_1B;2;3;32
;;FK_R.01.04_01_Eingangslogik_1A_1B;2;3;33
;;FK_R.01.04_01_Eingangslogik_1B_1B;2;3;34
;;FK_R.01.04_01_Ausgangslogik_1_1B;2;3;35
;;FK_R.01.04_01_Ausgangslogik_1_Szene_1By;2;3;36
;;FK_R.01.05_01_Schalter_1B;2;3;37
;;FK_R.01.05_01_Wert_für_Umschaltung_1B;2;3;38
;;FK_R.01.05_01_Szene_1By;2;3;39
;;FK_R.01.05_01_Zähler_4By;2;3;40
;;FK_R.01.05_01_Sperrobjekt_1B;2;3;41
;;FK_R.01.05_01_Eingangslogik_1A_1B;2;3;42
;;FK_R.01.05_01_Eingangslogik_1B_1B;2;3;43
;;FK_R.01.05_01_Ausgangslogik_1_1B;2;3;44
;;FK_R.01.05_01_Ausgangslogik_1_Szene_1By;2;3;45
;;FK_R.01.06_01_Schalter_1B;2;3;46
;;FK_R.01.06_01_Wert_für_Umschaltung_1B;2;3;47
;;FK_R.01.06_01_Szene_1By;2;3;48
;;FK_R.01.06_01_Zähler_4By;2;3;49
;;FK_R.01.06_01_Sperrobjekt_1B;2;3;50
;;FK_R.01.06_01_Eingangslogik_1A_1B;2;3;51
;;FK_R.01.06_01_Eingangslogik_1B_1B;2;3;52
;;FK_R.01.06_01_Ausgangslogik_1_1B;2;3;53
;;FK_R.01.06_01_Ausgangslogik_1_Szene_1By;2;3;54
;Steckdosen;;2;4
;;S_R.01.01_01_Schalten_1B;2;4;1
;;S_R.01.01_01_Treppenlicht_1B;2;4;2
;;S_R.01.01_01_Service_erforderlich_1B;2;4;3
;;S_R.01.01_01_Schaltimpuls_1B;2;4;4
;;S_R.01.01_01_Sperren_1B;2;4;5
;;S_R.01.01_01_Zeit_bis_nächsten_Service_2By_4By;2;4;6
;;S_R.01.01_01_Betriebsstunden_RM_2By_4By;2;4;7
;;S_R.01.01_01_Treppenlicht_mit_Zeit_1By;2;4;8
;;S_R.01.01_01_Vorwarnen_1B;2;4;9
;;S_R.01.01_01_Betriebsstunden_Reset_1B;2;4;10
;;S_R.01.01_01_Servicemeldung_Reset_1B;2;4;11
;;S_R.01.01_01_Zwangsführung_2B;2;4;12
;;S_R.01.01_01_Priorität_1B;2;4;13
;;S_R.01.01_01_Szene_1By;2;4;14
;;S_R.01.01_01_Status_1B;2;4;15
;;S_R.01.01_01_Status_invertiert_1B;2;4;16
;;S_R.01.01_01_Schwellwertschalter_1By_2By;2;4;17
;;S_R.01.01_01_Logik_1_1B;2;4;18
;;S_R.01.01_01_Logik_2_1B;2;4;19
;;S_R.01.01_02_Schalten_1B;2;4;20
;;S_R.01.01_02_Treppenlicht_1B;2;4;21
;;S_R.01.01_02_Service_erforderlich_1B;2;4;22
;;S_R.01.01_02_Schaltimpuls_1B;2;4;23
;;S_R.01.01_02_Sperren_1B;2;4;24
;;S_R.01.01_02_Zeit_bis_nächsten_Service_2By_4By;2;4;25
;;S_R.01.01_02_Betriebsstunden_RM_2By_4By;2;4;26
;;S_R.01.01_02_Treppenlicht_mit_Zeit_1By;2;4;27
;;S_R.01.01_02_Vorwarnen_1B;2;4;28
;;S_R.01.01_02_Betriebsstunden_Reset_1B;2;4;29
;;S_R.01.01_02_Servicemeldung_Reset_1B;2;4;30
;;S_R.01.01_02_Zwangsführung_2B;2;4;31
;;S_R.01.01_02_Priorität_1B;2;4;32
;;S_R.01.01_02_Szene_1By;2;4;33
;;S_R.01.01_02_Status_1B;2;4;34
;;S_R.01.01_02_Status_invertiert_1B;2;4;35
;;S_R.01.01_02_Schwellwertschalter_1By_2By;2;4;36
;;S_R.01.01_02_Logik_1_1B;2;4;37
;;S_R.01.01_02_Logik_2_1B;2;4;38
;;S_R.01.02_01_Schalten_1B;2;4;39
;;S_R.01.02_01_Treppenlicht_1B;2;4;40
;;S_R.01.02_01_Service_erforderlich_1B;2;4;41
;;S_R.01.02_01_Schaltimpuls_1B;2;4;42
;;S_R.01.02_01_Sperren_1B;2;4;43
;;S_R.01.02_01_Zeit_bis_nächsten_Service_2By_4By;2;4;44
;;S_R.01.02_01_Betriebsstunden_RM_2By_4By;2;4;45
;;S_R.01.02_01_Treppenlicht_mit_Zeit_1By;2;4;46
;;S_R.01.02_01_Vorwarnen_1B;2;4;47
;;S_R.01.02_01_Betriebsstunden_Reset_1B;2;4;48
;;S_R.01.02_01_Servicemeldung_Reset_1B;2;4;49
;;S_R.01.02_01_Zwangsführung_2B;2;4;50
;;S_R.01.02_01_Priorität_1B;2;4;51
;;S_R.01.02_01_Szene_1By;2;4;52
;;S_R.01.02_01_Status_1B;2;4;53
;;S_R.01.02_01_Status_invertiert_1B;2;4;54
;;S_R.01.02_01_Schwellwertschalter_1By_2By;2;4;55
;;S_R.01.02_01_Logik_1_1B;2;4;56
;;S_R.01.02_01_Logik_2_1B;2;4;57
;;S_R.01.02_02_Schalten_1B;2;4;58
;;S_R.01.02_02_Treppenlicht_1B;2;4;59
;;S_R.01.02_02_Service_erforderlich_1B;2;4;60
;;S_R.01.02_02_Schaltimpuls_1B;2;4;61
;;S_R.01.02_02_Sperren_1B;2;4;62
;;S_R.01.02_02_Zeit_bis_nächsten_Service_2By_4By;2;4;63
;;S_R.01.02_02_Betriebsstunden_RM_2By_4By;2;4;64
;;S_R.01.02_02_Treppenlicht_mit_Zeit_1By;2;4;65
;;S_R.01.02_02_Vorwarnen_1B;2;4;66
;;S_R.01.02_02_Betriebsstunden_Reset_1B;2;4;67
;;S_R.01.02_02_Servicemeldung_Reset_1B;2;4;68
;;S_R.01.02_02_Zwangsführung_2B;2;4;69
;;S_R.01.02_02_Priorität_1B;2;4;70
;;S_R.01.02_02_Szene_1By;2;4;71
;;S_R.01.02_02_Status_1B;2;4;72
;;S_R.01.02_02_Status_invertiert_1B;2;4;73
;;S_R.01.02_02_Schwellwertschalter_1By_2By;2;4;74
;;S_R.01.02_02_Logik_1_1B;2;4;75
;;S_R.01.02_02_Logik_2_1B;2;4;76
;;S_R.01.03_01_Schalten_1B;2;4;77
;;S_R.01.03_01_Treppenlicht_1B;2;4;78
;;S_R.01.03_01_Service_erforderlich_1B;2;4;79
;;S_R.01.03_01_Schaltimpuls_1B;2;4;80
;;S_R.01.03_01_Sperren_1B;2;4;81
;;S_R.01.03_01_Zeit_bis_nächsten_Service_2By_4By;2;4;82
;;S_R.01.03_01_Betriebsstunden_RM_2By_4By;2;4;83
;;S_R.01.03_01_Treppenlicht_mit_Zeit_1By;2;4;84
;;S_R.01.03_01_Vorwarnen_1B;2;4;85
;;S_R.01.03_01_Betriebsstunden_Reset_1B;2;4;86
;;S_R.01.03_01_Servicemeldung_Reset_1B;2;4;87
;;S_R.01.03_01_Zwangsführung_2B;2;4;88
;;S_R.01.03_01_Priorität_1B;2;4;89
;;S_R.01.03_01_Szene_1By;2;4;90
;;S_R.01.03_01_Status_1B;2;4;91
;;S_R.01.03_01_Status_invertiert_1B;2;4;92
;;S_R.01.03_01_Schwellwertschalter_1By_2By;2;4;93
;;S_R.01.03_01_Logik_1_1B;2;4;94
;;S_R.01.03_01_Logik_2_1B;2;4;95
;;S_R.01.03_02_Schalten_1B;2;4;96
;;S_R.01.03_02_Treppenlicht_1B;2;4;97
;;S_R.01.03_02_Service_erforderlich_1B;2;4;98
;;S_R.01.03_02_Schaltimpuls_1B;2;4;99
;;S_R.01.03_02_Sperren_1B;2;4;100
;;S_R.01.03_02_Zeit_bis_nächsten_Service_2By_4By;2;4;101
;;S_R.01.03_02_Betriebsstunden_RM_2By_4By;2;4;102
;;S_R.01.03_02_Treppenlicht_mit_Zeit_1By;2;4;103
;;S_R.01.03_02_Vorwarnen_1B;2;4;104
;;S_R.01.03_02_Betriebsstunden_Reset_1B;2;4;105
;;S_R.01.03_02_Servicemeldung_Reset_1B;2;4;106
;;S_R.01.03_02_Zwangsführung_2B;2;4;107
;;S_R.01.03_02_Priorität_1B;2;4;108
;;S_R.01.03_02_Szene_1By;2;4;109
;;S_R.01.03_02_Status_1B;2;4;110
;;S_R.01.03_02_Status_invertiert_1B;2;4;111
;;S_R.01.03_02_Schwellwertschalter_1By_2By;2;4;112
;;S_R.01.03_02_Logik_1_1B;2;4;113
;;S_R.01.03_02_Logik_2_1B;2;4;114
;;S_R.01.04_01_Schalten_1B;2;4;115
;;S_R.01.04_01_Treppenlicht_1B;2;4;116
;;S_R.01.04_01_Service_erforderlich_1B;2;4;117
;;S_R.01.04_01_Schaltimpuls_1B;2;4;118
;;S_R.01.04_01_Sperren_1B;2;4;119
;;S_R.01.04_01_Zeit_bis_nächsten_Service_2By_4By;2;4;120
;;S_R.01.04_01_Betriebsstunden_RM_2By_4By;2;4;121
;;S_R.01.04_01_Treppenlicht_mit_Zeit_1By;2;4;122
;;S_R.01.04_01_Vorwarnen_1B;2;4;123
;;S_R.01.04_01_Betriebsstunden_Reset_1B;2;4;124
;;S_R.01.04_01_Servicemeldung_Reset_1B;2;4;125
;;S_R.01.04_01_Zwangsführung_2B;2;4;126
;;S_R.01.04_01_Priorität_1B;2;4;127
;;S_R.01.04_01_Szene_1By;2;4;128
;;S_R.01.04_01_Status_1B;2;4;129
;;S_R.01.04_01_Status_invertiert_1B;2;4;130
;;S_R.01.04_01_Schwellwertschalter_1By_2By;2;4;131
;;S_R.01.04_01_Logik_1_1B;2;4;132
;;S_R.01.04_01_Logik_2_1B;2;4;133
;;S_R.01.04_02_Schalten_1B;2;4;134
;;S_R.01.04_02_Treppenlicht_1B;2;4;135
;;S_R.01.04_02_Service_erforderlich_1B;2;4;136
;;S_R.01.04_02_Schaltimpuls_1B;2;4;137
;;S_R.01.04_02_Sperren_1B;2;4;138
;;S_R.01.04_02_Zeit_bis_nächsten_Service_2By_4By;2;4;139
;;S_R.01.04_02_Betriebsstunden_RM_2By_4By;2;4;140
;;S_R.01.04_02_Treppenlicht_mit_Zeit_1By;2;4;141
;;S_R.01.04_02_Vorwarnen_1B;2;4;142
;;S_R.01.04_02_Betriebsstunden_Reset_1B;2;4;143
;;S_R.01.04_02_Servicemeldung_Reset_1B;2;4;144
;;S_R.01.04_02_Zwangsführung_2B;2;4;145
;;S_R.01.04_02_Priorität_1B;2;4;146
;;S_R.01.04_02_Szene_1By;2;4;147
;;S_R.01.04_02_Status_1B;2;4;148
;;S_R.01.04_02_Status_invertiert_1B;2;4;149
;;S_R.01.04_02_Schwellwertschalter_1By_2By;2;4;150
;;S_R.01.04_02_Logik_1_1B;2;4;151
;;S_R.01.04_02_Logik_2_1B;2;4;152
;;S_R.01.04_03_Schalten_1B;2;4;153
;;S_R.01.04_03_Treppenlicht_1B;2;4;154
;;S_R.01.04_03_Service_erforderlich_1B;2;4;155
;;S_R.01.04_03_Schaltimpuls_1B;2;4;156
;;S_R.01.04_03_Sperren_1B;2;4;157
;;S_R.01.04_03_Zeit_bis_nächsten_Service_2By_4By;2;4;158
;;S_R.01.04_03_Betriebsstunden_RM_2By_4By;2;4;159
;;S_R.01.04_03_Treppenlicht_mit_Zeit_1By;2;4;160
;;S_R.01.04_03_Vorwarnen_1B;2;4;161
;;S_R.01.04_03_Betriebsstunden_Reset_1B;2;4;162
;;S_R.01.04_03_Servicemeldung_Reset_1B;2;4;163
;;S_R.01.04_03_Zwangsführung_2B;2;4;164
;;S_R.01.04_03_Priorität_1B;2;4;165
;;S_R.01.04_03_Szene_1By;2;4;166
;;S_R.01.04_03_Status_1B;2;4;167
;;S_R.01.04_03_Status_invertiert_1B;2;4;168
;;S_R.01.04_03_Schwellwertschalter_1By_2By;2;4;169
;;S_R.01.04_03_Logik_1_1B;2;4;170
;;S_R.01.04_03_Logik_2_1B;2;4;171
;;S_R.01.04_04_Schalten_1B;2;4;172
;;S_R.01.04_04_Treppenlicht_1B;2;4;173
;;S_R.01.04_04_Service_erforderlich_1B;2;4;174
;;S_R.01.04_04_Schaltimpuls_1B;2;4;175
;;S_R.01.04_04_Sperren_1B;2;4;176
;;S_R.01.04_04_Zeit_bis_nächsten_Service_2By_4By;2;4;177
;;S_R.01.04_04_Betriebsstunden_RM_2By_4By;2;4;178
;;S_R.01.04_04_Treppenlicht_mit_Zeit_1By;2;4;179
;;S_R.01.04_04_Vorwarnen_1B;2;4;180
;;S_R.01.04_04_Betriebsstunden_Reset_1B;2;4;181
;;S_R.01.04_04_Servicemeldung_Reset_1B;2;4;182
;;S_R.01.04_04_Zwangsführung_2B;2;4;183
;;S_R.01.04_04_Priorität_1B;2;4;184
;;S_R.01.04_04_Szene_1By;2;4;185
;;S_R.01.04_04_Status_1B;2;4;186
;;S_R.01.04_04_Status_invertiert_1B;2;4;187
;;S_R.01.04_04_Schwellwertschalter_1By_2By;2;4;188
;;S_R.01.04_04_Logik_1_1B;2;4;189
;;S_R.01.04_04_Logik_2_1B;2;4;190
;;S_R.01.05_01_Schalten_1B;2;4;191
;;S_R.01.05_01_Treppenlicht_1B;2;4;192
;;S_R.01.05_01_Service_erforderlich_1B;2;4;193
;;S_R.01.05_01_Schaltimpuls_1B;2;4;194
;;S_R.01.05_01_Sperren_1B;2;4;195
;;S_R.01.05_01_Zeit_bis_nächsten_Service_2By_4By;2;4;196
;;S_R.01.05_01_Betriebsstunden_RM_2By_4By;2;4;197
;;S_R.01.05_01_Treppenlicht_mit_Zeit_1By;2;4;198
;;S_R.01.05_01_Vorwarnen_1B;2;4;199
;;S_R.01.05_01_Betriebsstunden_Reset_1B;2;4;200
;;S_R.01.05_01_Servicemeldung_Reset_1B;2;4;201
;;S_R.01.05_01_Zwangsführung_2B;2;4;202
;;S_R.01.05_01_Priorität_1B;2;4;203
;;S_R.01.05_01_Szene_1By;2;4;204
;;S_R.01.05_01_Status_1B;2;4;205
;;S_R.01.05_01_Status_invertiert_1B;2;4;206
;;S_R.01.05_01_Schwellwertschalter_1By_2By;2;4;207
;;S_R.01.05_01_Logik_1_1B;2;4;208
;;S_R.01.05_01_Logik_2_1B;2;4;209
;;S_R.01.05_02_Schalten_1B;2;4;210
;;S_R.01.05_02_Treppenlicht_1B;2;4;211
;;S_R.01.05_02_Service_erforderlich_1B;2;4;212
;;S_R.01.05_02_Schaltimpuls_1B;2;4;213
;;S_R.01.05_02_Sperren_1B;2;4;214
;;S_R.01.05_02_Zeit_bis_nächsten_Service_2By_4By;2;4;215
;;S_R.01.05_02_Betriebsstunden_RM_2By_4By;2;4;216
;;S_R.01.05_02_Treppenlicht_mit_Zeit_1By;2;4;217
;;S_R.01.05_02_Vorwarnen_1B;2;4;218
;;S_R.01.05_02_Betriebsstunden_Reset_1B;2;4;219
;;S_R.01.05_02_Servicemeldung_Reset_1B;2;4;220
;;S_R.01.05_02_Zwangsführung_2B;2;4;221
;;S_R.01.05_02_Priorität_1B;2;4;222
;;S_R.01.05_02_Szene_1By;2;4;223
;;S_R.01.05_02_Status_1B;2;4;224
;;S_R.01.05_02_Status_invertiert_1B;2;4;225
;;S_R.01.05_02_Schwellwertschalter_1By_2By;2;4;226
;;S_R.01.05_02_Logik_1_1B;2;4;227
;;S_R.01.05_02_Logik_2_1B;2;4;228
;;S_R.01.06_01_Schalten_1B;2;4;229
;;S_R.01.06_01_Treppenlicht_1B;2;4;230
;;S_R.01.06_01_Service_erforderlich_1B;2;4;231
;;S_R.01.06_01_Schaltimpuls_1B;2;4;232
;;S_R.01.06_01_Sperren_1B;2;4;233
;;S_R.01.06_01_Zeit_bis_nächsten_Service_2By_4By;2;4;234
;;S_R.01.06_01_Betriebsstunden_RM_2By_4By;2;4;235
;;S_R.01.06_01_Treppenlicht_mit_Zeit_1By;2;4;236
;;S_R.01.06_01_Vorwarnen_1B;2;4;237
;;S_R.01.06_01_Betriebsstunden_Reset_1B;2;4;238
;;S_R.01.06_01_Servicemeldung_Reset_1B;2;4;239
;;S_R.01.06_01_Zwangsführung_2B;2;4;240
;;S_R.01.06_01_Priorität_1B;2;4;241
;;S_R.01.06_01_Szene_1By;2;4;242
;;S_R.01.06_01_Status_1B;2;4;243
;;S_R.01.06_01_Status_invertiert_1B;2;4;244
;;S_R.01.06_01_Schwellwertschalter_1By_2By;2;4;245
;;S_R.01.06_01_Logik_1_1B;2;4;246
;;S_R.01.06_01_Logik_2_1B;2;4;247
